lon;lat
-46,611447;-23,48877
-49,472778;-24,976111
-49,236389;-25,442222
-45,863242;-22,832751
-49,636398;-24,224686
-54,667778;-20,456667
-44,848693;-21,339602
-52,472183;-31,421206
-52,542432;-31,582105
-49,336299;-27,808095
-51,467476;-27,160236
-44,962072;-23,202768
-43,826568;-19,904555
-44,197486;-19,869844
-43,879536;-19,923413
-43,998936;-19,862102
-40,814531;-5,087558
-40,834891;-5,130059
-53,626048;-29,74597
-49,0443;-28,204217
-42,992;-22,536
-43,132;-22,403
-47,86;-15,767
-53,812857;-25,676237
-36,009919;-7,386532
-70,063333;-8,281667
-70,077222;-8,284722
-70,085833;-8,295556
-39,438333;-16,512222
-53,901896;-27,317831
-51,024768;-27,549569
-51,006943;-27,571355
-43,926587;-19,524394
-41,019849;-20,56613
-44,359;-22,73
-52,29;-27,18
-51,006111;-6,623611
-51,006111;-6,623611
-48,53611;-25,5925
-44,218333;-20,125833
-48,899639;-27,198785
-38,232859;-7,073406
-45,743286;-22,268438
-48,991566;-27,1661
-40,435244;-19,904458
-49,013484;-26,856115
-40,770255;-19,972292
-42,707025;-22,461208
-44,241944;-15,125
-48,408555;-27,546848
-48,72017;-27,166319
-40,293611;-20,301667
-48,981268;-26,247665
-64,234722;-11,919167
-53,235694;-23,271611
-52,46675;-24,453417
-52,46675;-24,453417
-46,597616;-20,212596
-51,125651;-29,978361
-59,80428;-3,061099
-52,38125;-24,220667
-47,449493;-23,507299
-49,154432;-25,295553
-42,749444;-22,902222
-46,457778;-21,82
-54,460706;-25,443039
-42,77227;-22,401316
-49,235232;-25,474723
-43,121331;-22,9826
-51,869377;-23,318582
-49,234453;-25,442674
-53,228333;-23,286889
-52,482778;-24,56175
-52,35475;-24,617167
-48,296667;-21,246111
-52,482778;-24,56175
-49,409167;-27,722222
-54,574869;-25,477654
-50,29816;-26,312475
-48,825384;-26,250774
-51,502796;-23,523531
-52,363722;-29,790612
-43,582815;-19,547593
-52,693354;-31,764249
-35,175363;-7,074678
-38,675114;-4,36902
-47,814963;-15,702921
-48,579444;-25,8225
-37,530056;-8,842944
-54,495943;-25,621531
-50,299054;-29,873203
-50,484609;-26,121172
-49,236389;-25,442222
-49,647231;-29,03151
-46,638;-23,057
-46,649491;-23,052785
-42,175491;-22,545222
-45,936611;-20,4845
-42,475383;-11,367883
-46,641;-23,057
-46,638;-23,057
-44,575204;-18,685294
-43,196944;-22,485
-46,79;-16,282222
-57,694027;-19,227033
-57,43112;-19,349718
-48,9794;-27,11242
-49,395954;-26,962262
-49,319074;-25,214903
-49,91474;-25,443608
-48,583585;-27,490837
-43,170917;-22,455054
-49,275455;-25,301732
-46,613748;-23,597984
-49,146026;-26,632989
-47,866977;-15,741728
-49,298858;-26,636508
-47,606507;-23,437375
-45,531;-20,313
-48,619;-26,482
-43,064485;-22,95136
-52,44705;-26,429116
-52,41135;-26,437495
-46,483475;-22,685103
-51,93575;-23,822444
-51,935556;-23,822222
-63,3975;-12,266944
-43,077679;-22,820026
-43,973056;-19,875833
-54,927778;-3,05
-54,927778;-3,05
-48,698195;-26,889173
-41,806944;-17,509722
-42,555005;-11,488708
-41,806944;-17,509722
-43,285555;-22,955
-49,193909;-27,727974
-48,799871;-27,973373
-51,359972;-24,279167
-38,472254;-3,641843
-43,285833;-22,478889
-50,068658;-26,235571
-49,504835;-28,456218
-44,962;-20,184
-49,018;-22,343
-52,536111;-0,08
-38,928302;-3,523973
-51,531755;-29,029185
-51,399534;-29,007658
-52,453967;-26,532686
-48,869524;-27,098256
-48,765186;-26,930822
-44,715;-23,219
-43,683889;-19,813611
-48,950625;-26,335734
-43,075196;-22,407402
-39,372984;-7,393963
-54,575833;-25,543056
-38,576111;-3,741667
-49,192889;-28,53892
-48,70788;-27,571847
-43,025032;-22,585267
-47,798;-21,171
-62,063333;-9,758889
-48,750583;-27,400609
-49,148387;-26,869546
-49,165719;-26,962006
-49,048923;-26,826469
-49,198236;-26,88877
-68,951389;-9,131389
-47,880326;-21,142359
-36,12;-4,68
-69,583333;-9,20185
-68,951389;-9,131389
-54,423464;-25,50768
-48,124722;-15,519722
-48,124722;-15,519722
-41,199167;-21,799444
-41,199167;-21,799444
-41,199167;-21,799444
-41,199167;-21,799444
-41,199167;-21,799444
-41,118333;-21,821389
-38,576183;-3,741875
-40,095833;-18,173333
-40,095833;-18,173333
-51,370278;-23,328056
-42,660907;-11,329934
-42,557375;-11,4123
-42,537106;-11,535815
-49,514216;-28,835885
-52,55888;-26,455303
-52,426172;-26,247367
-42,54237;-11,541598
-42,566301;-11,481248
-42,461563;-11,415589
-54,455657;-25,656611
-42,550201;-11,554721
-57,225;-15,65
-51,160414;-25,384451
-38,566152;-3,779336
-48,978;-25,387
-47,798;-21,171
-64,419167;-12,431389
-49,393913;-27,82704
-48,933706;-27,070213
-49,244493;-26,98922
-48,612751;-26,980276
-49,047308;-26,928446
-49,121752;-25,384788
-39,516111;-14,665833
-49,581607;-28,606703
-49,357584;-25,497712
-51,762435;-28,913407
-51,325278;-23,405278
-51,325278;-23,405278
-51,325278;-23,405278
-51,325278;-23,405278
-51,325278;-23,405278
-51,325278;-23,405278
-51,325278;-23,405278
-51,325278;-23,405278
-51,325278;-23,405278
-51,325278;-23,405278
-51,325278;-23,405278
-51,325278;-23,405278
-51,325278;-23,405278
-51,325278;-23,405278
-51,325278;-23,405278
-51,325278;-23,405278
-51,325278;-23,405278
-51,325278;-23,405278
-51,325278;-23,405278
-51,325278;-23,405278
-51,325278;-23,405278
-51,325278;-23,405278
-49,567628;-28,615048
-47,868333;-15,946667
-60,658681;-3,154839
-48,852;-26,314
-48,852;-26,314
-40,144167;-18,369722
-43,327222;-18,888333
-53,425;-24,190833
-49,444092;-28,732493
-47,860556;-22,142778
-44,951944;-22,388889
-50,803056;-27,491389
-50,803056;-27,491389
-41,742222;-22,298889
-45,861944;-23,440833
-45,8125;-23,377222
-54,567222;-25,503611
-41,742222;-22,298889
-49,204581;-26,875045
-49,413016;-27,049436
-49,536859;-28,622443
-43,391111;-20,165556
-47,139617;-23,49116
-52,349095;-26,831506
-44,175833;-23,177778
-54,561944;-25,572222
-52,796389;-22,623222
-54,299722;-24,054444
-54,291111;-24,039722
-38,9775;-12,633056
-52,796389;-22,623056
-38,9775;-12,633056
-52,796389;-22,623333
-38,9775;-12,633056
-52,796389;-22,623056
-54,483889;-25,61
-62,033889;-9,772778
-62,030833;-9,772778
-62,100278;-9,7475
-62,082222;-9,745556
-63,111944;-9,195556
-62,1825;-9,113889
-62,158889;-9,096111
-62,033889;-9,772778
-62,158889;-9,096111
-62,100278;-9,7475
-62,082222;-9,745555
-62,1825;-9,113889
-62,030833;-9,772778
-63,111944;-9,195555
-51,844556;-24,440639
-51,903694;-24,356444
-49,74763;-27,153081
-52,470278;-26,819722
-49,526907;-27,973951
-52,470278;-26,819722
-51,397778;-24,938056
-51,397778;-24,938055
-51,397694;-24,938167
-48,572056;-24,297389
-48,571944;-24,2975
-40,768611;-11,740833
-48,571944;-24,2975
-48,571944;-24,2975
-48,571944;-24,297222
-48,984404;-26,244622
-48,981497;-26,247749
-46,688;-23,589
-49,547076;-28,703784
-47,258;-22,874
-43,321121;-22,984841
-47,686111;-22,241667
-47,686111;-22,241667
-43,755892;-22,263323
-43,755892;-22,263323
-43,755892;-22,263323
-47,686111;-22,241667
-47,686111;-22,241667
-47,686111;-22,241667
-41,276111;-12,719444
-41,276111;-12,719444
-43,614783;-21,852633
-43,614783;-21,852633
-43,614783;-21,852633
-63,662222;-10,790278
-53,294861;-23,627722
-43,522039;-22,996072
-45,229044;-23,314134
-44,994317;-23,201562
-45,034078;-23,205257
-44,994317;-23,201562
-45,229044;-23,314134
-44,979978;-23,205257
-44,994317;-23,201562
-45,229044;-23,314134
-45,034078;-23,205257
-45,034078;-23,205257
-44,994317;-23,201562
-45,229044;-23,314134
-53,294722;-23,6275
-52,574356;-23,680989
-51,958861;-24,369028
-49,65;-28,563056
-49,241667;-25,442222
-49,65;-28,563056
-43,614783;-21,852633
-43,755892;-22,263323
-51,958611;-24,368889
-44,994317;-23,201562
-45,229044;-23,314134
-45,034078;-23,205257
-48,88922;-25,37083
-48,889167;-25,359722
-43,614783;-21,852633
-43,755892;-22,263323
-40,733333;-4,255
-48,889167;-25,359722
-62,251944;-8,958056
-62,251944;-8,958056
-41,821944;-20,341944
-41,823889;-20,339444
-41,821944;-20,341944
-41,823889;-20,339444
-39,173333;-14,795278
-39,173333;-14,795278
-39,173333;-14,795278
-39,173333;-14,795278
-52,173285;-27,262224
-45,015671;-21,166111
-49,241667;-25,4425
-49,353056;-26,300278
-49,353056;-26,300278
-49,353056;-26,300278
-49,206944;-26,591667
-52,566861;-23,682861
-49,206944;-26,591666
-49,206944;-26,591667
-50,675;-24,383889
-50,675;-24,383889
-50,675;-24,383889
-49,206944;-26,591667
-50,675;-24,383889
-49,353056;-26,300278
-50,675;-24,383889
-40,916136;-5,017384
-47,968913;-15,778194
-48,656186;-23,052166
-48,650753;-23,053522
-48,635865;-23,043007
-48,639063;-23,046254
-48,637369;-23,046303
-48,636994;-23,047134
-48,650626;-23,04529
-44,271444;-15,08625
-44,271861;-15,086194
-44,271861;-15,086194
-44,271444;-15,08625
-44,272194;-15,087
-44,271806;-15,087222
-44,271972;-15,087611
-44,269917;-15,085889
-44,266333;-15,085472
-44,266611;-15,085806
-44,266972;-15,085472
-44,267194;-15,084639
-44,270333;-15,0855
-44,281722;-15,08975
-44,267083;-15,084611
-44,270278;-15,0855
-44,272111;-15,086472
-44,270278;-15,0855
-44,266694;-15,090083
-44,26725;-15,089167
-51,177;-29,99
-50,156667;-28,201389
-50,156667;-28,201389
-50,130278;-27,541111
-50,130278;-27,541111
-51,932222;-23,425556
-43,960278;-19,559444
-38,183497;-10,728114
-59,504722;-10,054444
-43,11;-22,476944
-54,405556;-23,886944
-54,361944;-24,844167
-42,551522;-19,569701
-54,865556;-20,451111
-47,686111;-22,241667
-47,686111;-22,241666
-37,183611;-8,381667
-37,305555;-8,636112
-37,183586;-8,381781
-51,845944;-25,945333
-51,854417;-25,922306
-51,854444;-25,922222
-51,845833;-25,945278
-43,235278;-18,77
-51,845833;-25,945278
-51,845833;-25,945278
-50,361667;-16,116944
-51,876667;-26,098889
-51,876667;-26,098889
-51,876667;-26,098889
-46,718058;-23,556064
-43,284722;-22,95
-43,284722;-22,95
-42,738055;-22,415556
-42,738056;-22,782222
-53,498333;-25,516944
-43;-19
-37,328289;-9,239056
-43;-19
-37,321944;-9,252778
-37,321944;-9,252778
-49,192778;-10,600556
-41,918611;-21,879722
-42,7375;-22,396944
-44,538055;-22,333056
-49,322222;-27,811667
-49,322222;-27,811667
-44,538055;-22,333056
-44,53805;-22,33305
-48,120556;-11,448889
-50,4;-16,92
-46,735194;-23,560583
-46,734944;-23,560556
-46,734833;-23,560722
-54,548056;-25,480556
-54,548056;-25,480556
-41,289722;-21,760833
-39,703056;-4,745
-56;-9
-67,86;-10,26
-63,999167;-12,291389
-56,935833;-9,851667
-63,999167;-12,291389
-56;-9
-57,722222;-17,568056
-51,84;-18
-51,84;-18
-56,420278;-9,64
-51,84;-18
-51,939309;-23,404419
-56,52;-21,78
-44,240861;-15,125333
-44,240917;-15,125556
-44,242306;-15,124111
-44,243222;-15,121083
-44,243;-15,121333
-44,243806;-15,124778
-44,242833;-15,121306
-44,246778;-15,123139
-44,247333;-15,124111
-44,242917;-15,123278
-56,52;-21,78
-54,573611;-25,493056
-54,580278;-25,504444
-43,966944;-19,536389
-54,573611;-25,493056
-54,580278;-25,504444
-54,573611;-25,493056
-56,52;-21,78
-53,641389;-26,909444
-52,783611;-26,953611
-53,641389;-26,909444
-52,783611;-26,953611
-51,95;-23,416667
-51,95;-23,416667
-51,932778;-23,856667
-52,984722;-24,416389
-42,419167;-19,403889
-52,783611;-26,953611
-53,641389;-26,909444
-51,95;-23,416667
-52,984722;-24,416389
-55,222222;-23,160556
-56,750556;-20,784722
-44,233333;-15,116667
-44,233333;-15,116667
-51,028611;-27,7175
-50,506667;-27,715556
-50,506667;-27,715556
-51,028611;-27,7175
-46,938056;-12,931389
-51,113056;-29,399167
-48,040556;-25,2175
-50;-19
-44,034889;-19,42675
-50;-20
-44,034722;-19,426667
-54,261389;-25,390278
-56,33975;-14,694056
-56,845555;-14,698888
-56,339722;-14,694167
-56,845556;-14,698889
-56,993056;-9,319444
-68,951111;-9,131111
-47,041861;-7,266083
-37,800272;-7,02006
-44;-15
-44;-15
-44;-15
-44;-15
-44;-15
-44;-15
-44;-15
-44,249944;-15,110833
-44,251;-15,091722
-44,251;-15,091667
-44,250444;-15,091417
-44,251306;-15,091833
-44,250306;-15,091806
-45,07;-23,43
-57,036389;-9,2425
-56,993889;-9,305833
-45;-5,219722
-43,38;-5,58
-43,38;-5,58
-55,916111;-9,587222
-57,0075;-9,275556
-53,087778;-25,716389
-43,38;-4,95
-43,38;-4,95
-52,133;-24,762167
-52,132778;-24,761944
-52,133056;-24,762222
-49,409444;-26,315833
-49,383333;-26,241667
-65,023056;-11,880833
-50,312222;-29,681944
-50,312222;-29,681944
-49,383333;-26,241667
-49,409444;-26,315833
-65,023056;-11,880833
-41,919722;-21,877778
-41,919167;-21,878611
-41,919167;-21,878611
-41,919166;-21,878611
-41,919722;-21,877778
-41,919722;-21,877778
-41,919167;-21,928611
-49,041667;-26,533611
-49,041667;-26,533611
-49,041667;-26,533611
-44;-15
-44;-15
-44;-15
-44;-15
-44;-15
-44;-15
-44;-15
-44;-15
-44;-14
-44;-15
-44;-14
-44;-15
-43,285278;-22,956389
-62,903889;-9,251944
-44,118636;-19,423047
-62,82;-10,08
-44,118611;-19,422778
-49,332778;-26,614444
-56,086111;-15,620528
-49,332778;-26,614444
-51,253652;-23,448251
-51,253652;-23,448251
-51,324371;-23,406116
-51,324371;-23,406116
-51,324371;-23,406116
-44;-14
-50,133056;-18,426111
-40,94;-3,838333
-49,285483;-25,168636
-37,89;-9,27
-44,9;-23,326389
-44,249167;-15,087778
-44,035383;-19,427375
-47,186364;-15,349242
-47,185222;-15,352708
-44,634167;-23,292222
-61,335683;-11,387872
-48,464722;-27,562778
-51,714444;-17,881389
-51,714444;-17,881389
-36,984389;-8,449942
-49,078889;-26,905556
-41,793888;-15,564722
-49,078889;-26,905556
-41,793889;-15,564722
-52,019722;-27,18
-52,019722;-27,18
-50,950736;-22,936083
-51,880833;-3,381944
-54,600556;-10,424944
-56,043611;-10,595833
-56,043611;-10,595833
-54,600556;-10,425
-49,213333;-27,125833
-56,355278;-10,343361
-49,213333;-27,125833
-55,598611;-10,998889
-56,355278;-10,343333
-44,333333;-13,666667
-56,280556;-16,588611
-56,280556;-16,588611
-55,992889;-9,918556
-51,491673;-22,780443
-47,27937;-22,76544
-53,874722;-25,220444
-51,816389;-3,27
-53,522778;-25,131389
-53,874722;-25,220556
-47,82393;-22,7782
-44,970558;-21,227444
-40,693611;-19,800278
-40,693611;-19,800278
-54,479444;-25,626
-44,241139;-15,107583
-44,241028;-15,107639
-44,241028;-15,107444
-44,241056;-15,107583
-44,2415;-15,107667
-54,479444;-25,626111
-47;-15
-47;-15
-47;-15
-47;-15
-47;-15
-47;-15
-54,479444;-25,626111
-42;-20
-38,185;-10,703056
-38,110556;-10,421111
-46,731111;-23,541389
-48,411389;-1,418056
-47,28548;-22,75644
-54,0275;-25,268889
-56,083333;-9,916667
-54,241667;-25,288889
-56,083333;-9,916667
-47,187778;-18,49
-54,241667;-25,288889
-40,572778;-18,645555
-60,011388;-14,943611
-60,011389;-14,943611
-40,945556;-3,836111
-60,011389;-14,943611
-60,011389;-14,943611
-40,945556;-3,836111
-37,893889;-9,312222
-55,044333;-10,632667
-55,044444;-10,632778
-53,870278;-25,3025
-39,225938;-13,484172
-37,893889;-9,312222
-39,383161;-13,811589
-53,870278;-25,325
-39,383056;-13,811667
-53,870278;-25,325
-49,694722;-26,3675
-49,686111;-26,3675
-40,184278;-8,151
-51,966389;-29,501944
-48,680833;-28,104722
-55,737444;-10,775806
-37,278056;-9,917222
-37,278056;-9,917222
-55,7375;-10,775833
-38,755278;-8,444167
-38,755278;-8,444167
-39,25;-8,722222
-39,239444;-13,319722
-57,546222;-16,570556
-38,755278;-8,760833
-38,755222;-8,44425
-53,955556;-25,306944
-47,187777;-18,49
-41,553889;-21,553889
-41,553889;-21,553889
-47,187778;-18,44
-38,309167;-11,189722
-38,183333;-10,708333
-55,491111;-11,001389
-41,331389;-21,331389
-47,111667;-18,2625
-47,187778;-18,49
-47,187778;-18,49
-55,491111;-11,013333
-39,100361;-7,074861
-64,23;-12,441944
-64,23;-12,441944
-64,23;-12,441944
-64,23;-12,441944
-40,679722;-15,299722
-47,598389;-21,729278
-47,598139;-21,729056
-47,598917;-21,728944
-47,598028;-21,729194
-47,606389;-21,721722
-47,599778;-21,728167
-47,595806;-21,719528
-47,595778;-21,719194
-47,600139;-21,728111
-47,602528;-21,726528
-41,448056;-21,797222
-38,579444;-7,407778
-38,579472;-7,407833
-51,882222;-3,383889
-39,240278;-14,939722
-55,500278;-20,456389
-55,658889;-20,435833
-40,130556;-14,448611
-40,130556;-14,448611
-51,798055;-29,365278
-43,421667;-22,539167
-51,139631;-29,637994
-47,204722;-24,110555
-68,13775;-9,7165
-68,13775;-9,7165
-44,324444;-22,869722
-44,324444;-22,869722
-65,467778;-9,610833
-65,467777;-9,610833
-65,467778;-9,610833
-65,467778;-9,610833
-39,210621;-7,235365
-65,467778;-9,4775
-49,683389;-22,385361
-39,06925;-7,449972
-62,118611;-11,187222
-68,1375;-9,716389
-62,1186;-11,1872
-62,118611;-11,187222
-57,552694;-16,527028
-36,841111;-10,234889
-53;-22
-52;-22
-52;-22
-52;-22
-52;-22
-52;-22
-52;-22
-52;-22
-52;-22
-52;-22
-53;-22
-52;-22
-52;-22
-53;-22
-52;-22
-53;-22
-52;-22
-52;-22
-52;-22
-52;-22
-52;-22
-52;-22
-52;-22
-52;-22
-52;-22
-52;-22
-52;-22
-52;-22
-52;-22
-37,570833;-9,026389
-46,358889;-13,735556
-56,775556;-9,346389
-38,653;-7,232666
-35,754444;-7,076667
-38,653;-7,232667
-35,754444;-7,76
-39,37737;-13,43014
-39,691236;-4,560236
-49,332444;-25,610861
-39,691111;-4,56
-37,409756;-10,036106
-36,800833;-10,346944
-36,800833;-10,346944
-39,691111;-4,560278
-49,13;-22,41
-49,13;-22,41
-40,960556;-3,808611
-56,826111;-9,345278
-40,960556;-3,808611
-38,566944;-9,435639
-50,572694;-23,1495
-38,223889;-7,006389
-40,935278;-3,72
-40,959256;-3,718206
-50,050278;-17,411667
-50,080278;-17,687222
-50,080278;-17,687222
-58,749528;-11,413389
-40,959167;-3,718333
-58,749444;-11,413333
-49,421667;-17,674444
-50,08;-17,688333
-51,673056;-18,921944
-51,673056;-18,921944
-50,082222;-17,687778
-50,107222;-17,720833
-41,883333;-20,533333
-46,53;-23,46
-46,407361;-23,388472
-53,683333;-29,566667
-53,361944;-22,610278
-51,961667;-21,257778
-45,945278;-23,330333
-45,945278;-23,330333
-45,945278;-23,330333
-46,636806;-23,452333
-46,636389;-23,451333
-46,636389;-23,451333
-46,63525;-23,449083
-46,634556;-23,447917
-46,634556;-23,447917
-46,634556;-23,447917
-46,633444;-23,447472
-46,635722;-23,449194
-46,635722;-23,449194
-46,635722;-23,449194
-46,635722;-23,449194
-46,60895;-23,429183
-46,60895;-23,429183
-46,60895;-23,429183
-46,60895;-23,429183
-46,60895;-23,429183
-40,222361;-10,357583
-64,393333;-9,270833
-64,233611;-9,161389
-64,393333;-9,270833
-64,393333;-9,270833
-53,527778;-24,401667
-53,527806;-24,401667
-53,527778;-24,401667
-53,527778;-24,401667
-53,527778;-24,401667
-53,527778;-24,401667
-58,258611;-9,819722
-45,560556;-23,598611
-51,964167;-27,234444
-49,338611;-14,195555
-39,805;-18,2625
-52,751917;-23,860778
-52,460917;-24,520639
-52,46083;-24,52056
-57,91325;-15,970611
-37,278056;-9,917222
-37,278056;-9,917222
-52,751944;-23,860833
-52,460833;-24,520556
-39,044444;-14,855
-43,38;-18,021111
-48,631639;-27,745639
-36,593666;-8,375638
-36,593667;-8,375639
-36,353611;-8,223333
-53,821667;-25,239722
-56,773611;-9,348611
-56,773333;-9,3475
-41,472222;-20,363056
-62,97945;-9,38108
-67,13361;-10,33
-45,5170585;-23,5838139
-42,847222;-20,795555
-58,071139;-15,828972
-36,514728;-9,970056
-41,448056;-21,797222
-49,14;-26,28
-48,864167;-27,531944
-49,14;-26,28
-49,14;-26,28
-48,864167;-27,531944
-49,14;-26,28
-41,820833;-20,497222
-51,859525;-23,339858
-51,859444;-23,339722
-49,14;-26,28
-48,546111;-6,768889
-48,546111;-6,768889
-49,14;-26,28
-48,546111;-6,768889
-48,546111;-6,768889
-45,506111;-23,626667
-38,121194;-7,833972
-38,121194;-7,833972
-38,071667;-7,500278
-47,936111;-7,864167
-47,709166;-7,293055
-47,713611;-6,704444
-47,746388;-7,216667
-47,739722;-7,256944
-38,183333;-10,708333
-38,183333;-10,708333
-47,739722;-7,256944
-47,713611;-6,704444
-47,709167;-7,293056
-47,936111;-7,864167
-47,746389;-7,216667
-51,941944;-23,391111
-52,900333;-22,607389
-52,900278;-22,6075
-51,941944;-22,391111
-52,726417;-23,867667
-52,726417;-23,867667
-51,865431;-23,350653
-51,865172;-23,349528
-52,726389;-23,867778
-51,865278;-23,349444
-51,865556;-23,350556
-52,726389;-23,867778
-47,84725;-15,871167
-47,951944;-7,873611
-42,3375;-22,319722
-36,724444;-9,888722
-47,951944;-7,873611
-44;-20
-44;-20
-45,5003916;-23,6338141
-47,9242288;-24,1847313
-37,414722;-9,639806
-35,463361;-8,389717
-53,595278;-26,954722
-59,88;-3,02
-53,595278;-26,954722
-53,595278;-26,954722
-52,783611;-26,953611
-52,783611;-26,953611
-50,004167;-26,978056
-38,3975;-10,256111
-50,004167;-26,978056
-59,88;-3,02
-50,004167;-26,978056
-56,788611;-9,323333
-39,300611;-7,300611
-56,788611;-9,323333
-59,88;-3,02
-44,628889;-14,935833
-44,644167;-15,003056
-54,184167;-23,487778
-59,88;-3,02
-44,048333;-19,829444
-52,839722;-22,642375
-51,866019;-23,339967
-47,6;-7,055278
-51,866111;-23,34
-52,839722;-22,6425
-47,6;-7,055278
-52,429111;-24,249083
-52,833333;-22,642375
-41,328806;-20,976194
-36,928331;-10,560028
-52,254444;-24,145555
-52,833333;-22,6425
-52,429167;-24,249167
-47,745833;-7,216389
-37,315;-10,758056
-51,167639;-23,896389
-46,285833;-23,768889
-37,315;-10,758056
-47,745833;-7,216389
-42,525;-14,451389
-42,525;-14,451389
-42,525;-14,451389
-41,448056;-21,797222
-55,214444;-9,665833
-55,1252;-9,3957
-41,065306;-20,378
-50,433889;-20,003611
-55,125278;-9,395833
-51,701667;-22,688333
-36,986419;-10,863117
-35,922222;-8,238333
-41,270556;-11,645833
-40,598139;-20,089444
-40,595833;-20,085833
-40,433333;-18,75
-40,45;-18,75
-44,726944;-22,640833
-40,433333;-18,75
-44,726944;-22,640833
-47,918056;-15,734722
-47,918055;-15,734722
-40,4333;-18,75
-40,433333;-18,75
-44,726944;-22,640833
-40,433333;-18,75
-47,918056;-15,734722
-60,021667;-3,119167
-40,433333;-18,75
-49,973889;-21,001389
-41,746111;-20,393056
-64,6025;-9,277778
-39,894169;-16,585556
-40,443889;-18,776944
-64,639722;-9,228333
-40,443889;-18,776944
-40,443889;-18,776944
-64,639722;-9,228333
-48,183611;-10,354444
-42,546389;-14,338611
-47,937222;-7,864444
-47,937222;-7,864444
-50,7;-24,033333
-44,047222;-19,857222
-47,720969;-23,383744
-47,760555;-7,276667
-47,760556;-7,276667
-41,305556;-20,70275
-38,439444;-9,981667
-49,504722;-20,321111
-52,3375;-31,765278
-38,439444;-9,981667
-41,920833;-21,41
-45,994722;-20,619167
-40,718556;-19,401917
-46,935778;-23,230278
-42,473611;-15,910833
-42,473611;-15,910833
-49,9743136;-21,0018621
-43,501667;-20,023056
-43,915972;-19,891611
-44,791389;-23,296111
-51,928333;-23,429444
-50,348611;-20,926111
-44,32;-13,586111
-41,209722;-21,340278
-48,537222;-21,620556
-49,926111;-20,921111
-51,366667;-23,4
-48,75;-23,515556
-50,797389;-26,099583
-50,797389;-26,099583
-50,7975;-26,099444
-55,816389;-9,450278
-55,816389;-9,452778
-46,769444;-23,472222
-36,896111;-8,587083
-36,896111;-8,587083
-39,083333;-14,416667
-55,4859;-9,2701
-46,728903;-23,565694
-46,728903;-23,565694
-46,728903;-23,565694
-46,728903;-23,565694
-46,728903;-23,565694
-46,728903;-23,565694
-46,728903;-23,565694
-46,728903;-23,565694
-46,728903;-23,565694
-46,728903;-23,565694
-55,816944;-9,453056
-40,515278;-19,354444
-55,485833;-9,27
-55,816389;-9,453056
-44,553611;-14,3875
-44,968889;-12,376944
-41,501667;-12,327222
-44,553611;-14,3875
-44,968889;-12,976944
-44,553611;-14,554167
-41,501667;-12,510556
-43,422472;-19,411222
-44,661444;-22,638611
-43,422472;-19,411222
-43,422222;-19,411111
-49,973889;-21,001389
-44,661389;-22,638611
-43,4225;-19,411111
-52,32575;-24,105417
-48,738055;-23,531389
-55,686389;-20,963889
-48,322222;-21,254722
-42,8375;-22,54183
-52,32575;-24,105417
-55,686389;-20,963889
-52,325556;-24,105278
-52,325833;-24,105556
-55,686389;-20,963889
-48,322222;-21,254722
-52,325556;-24,105278
-43,588889;-20,294942
-46,69305;-23,8061
-46,685833;-23,806067
-46,691533;-23,80605
-46,691533;-23,80605
-46,69135;-23,805983
-46,69135;-23,805983
-46,691683;-23,805917
-46,6916;-23,8061
-46,690867;-23,8064
-46,69135;-23,805983
-46,69135;-23,805983
-46,69135;-23,805983
-46,69135;-23,805983
-46,69135;-23,805983
-46,69135;-23,805983
-46,69135;-23,805983
-46,69135;-23,805983
-43,501667;-20,023056
-54,7875;-20,558611
-50,9965;-29,611333
-55,966667;-16,266667
-54,7875;-20,558611
-46,69305;-23,8061
-46,69305;-23,8061
-54,7875;-20,558611
-43,501667;-20,506389
-55,490278;-20,461667
-53,717222;-29,717222
-50,58;-26,73
-50,703889;-26,856944
-50,703911;-26,856967
-45,083511;-23,367009
-50,703889;-26,856944
-41,069861;-20,390806
-50,55;-29,433333
-50,703911;-26,856967
-45,183333;-23,4
-50,293333;-20,473611
-50,58;-26,73
-50,703889;-26,856944
-49,9743136;-21,0018621
-49,9265151;-20,9215629
-49,3490085;-20,9265633
-50,2937152;-20,4740597
-48,5376072;-21,6210674
-50,2937152;-20,4740597
-45,075624;-23,326671
-39,083056;-10,922222
-49,016667;-22,333333
-48,925278;-26,803333
-40,448611;-20,150556
-48,925278;-26,803333
-40,546389;-20,123056
-44,55142;-23,30296
-35,112778;-7,410278
-38,970556;-12,1975
-38,970556;-12,1975
-38,970556;-12,980833
-50,861389;-25,923333
-39,083056;-10,922222
-55,546389;-20,4725
-55,4875;-20,464722
-57,586667;-19,142778
-37,001667;-8,434167
-47,877777;-15,947222
-47,877778;-15,947222
-68,204722;-9,953889
-47,877778;-15,947222
-47,876944;-15,946944
-47,877222;-15,948333
-49,079167;-26,905556
-49,079167;-26,905556
-49,079167;-26,905556
-49,079167;-26,905556
-45,080223;-23,373498
-40,798611;-18,944167
-68,204722;-9,953889
-40,798611;-18,944167
-46,720147;-23,564817
-46,720147;-23,564817
-46,720147;-23,564817
-46,720147;-23,564817
-46,720147;-23,564817
-46,720147;-23,564817
-46,720147;-23,564817
-46,720147;-23,564817
-46,720147;-23,564817
-46,720147;-23,564817
-46,720147;-23,564817
-46,720147;-23,564817
-46,720147;-23,564817
-46,720147;-23,564817
-46,720147;-23,564817
-46,720147;-23,564817
-37,382778;-7,251667
-45,084232;-23,365992
-45,08071;-23,373916
-45,08071;-23,373916
-45,08071;-23,373916
-44,832505;-23,334384
-47,640278;-7,329444
-45,17;-22,61
-47,640277;-7,329444
-47,640278;-7,329444
-44,617222;-14,235556
-44,617222;-14,235556
-37,009167;-10,618222
-44,181667;-6,967222
-50,76;-28,226111
-50,76;-28,226111
-56,733333;-20,816667
-56,719167;-20,774722
-51,05;-23,266667
-50,308417;-24,143056
-51,063333;-27,873611
-51,233333;-23,366667
-51,063333;-27,873611
-47,916667;-24,883333
-40,6875;-19,757222
-39;-10,5
-46,734444;-13,629166
-46,734444;-13,629167
-46,009444;-17,009722
-56,366667;-21,4
-47,985;-24,0575
-52,853056;-18,659444
-43,001389;-22,451111
-49,6096122;-21,3173639
-45,0503864;-23,2837811
-45,0503864;-23,2837811
-45,0336861;-23,2171809
-45,0336861;-23,2171809
-49,4154108;-20,8843631
-47,6622978;-20,6507654
-47,8704085;-24,2035765
-47,8671085;-24,2004775
-45,0503864;-23,2837811
-45,0336861;-23,2171809
-49,6554106;-20,9843628
-49,6068122;-21,3196649
-47,8704085;-24,2035765
-45,0336861;-23,2171809
-49,6082112;-21,3062628
-47,8704085;-24,2035765
-47,8704085;-24,2035765
-45,0336861;-23,2171809
-39,010556;-4,285278
-43,216667;-22,966667
-47,042331;-22,801017
-48;-20
-51,13;-27,689167
-51,13;-27,689167
-48,566667;-18,283333
-48,419167;-24,2775
-39,166667;-14,8
-39,166667;-14,8
-49,681944;-28,928056
-49,681944;-28,928056
-46,716667;-23,55
-46,716667;-23,55
-50,7347;-29,3142
-43,506667;-18,409167
-47,91;-22,54
-36,403583;-8,200361
-36,403583;-8,203583
-43,216667;-22,966667
-65,13;-2,7
-46,97;-23,03
-47,850599;-21,150285
-37,194444;-9,933333
-47,994167;-24,141667
-40,553056;-19,9075
-56,715278;-20,539167
-47,32417;-16,22056
-55,483611;-20,454722
-55,483611;-20,455
-64,161639;-11,916944
-64,161417;-11,9135
-38,674444;-10,656111
-45,669167;-20,256389
-47,31917;-16,04972
-38,674444;-10,656111
-38,674444;-10,656111
-45,669167;-20,673056
-45,669167;-20,256389
-45,669167;-20,256389
-42,467222;-22,616944
-45,669167;-20,256389
-48,20306;-16,32528
-47,8510014;-21,1507666
-47,7647008;-21,1219677
-49,6078105;-21,0560621
-47,6710002;-21,132567
-47,814102;-21,0862675
-47,8736;-21,3171681
-47,8418997;-21,2945681
-47,7899008;-21,0657675
-47,875203;-21,3205691
-47,8838995;-21,1167684
-47,7612987;-21,0877666
-47,8554992;-21,0668683
-47,9242288;-24,1847313
-42,847222;-20,795555
-46,866667;-22,916667
-47,086761;-22,863721
-47,086761;-22,863721
-40,6;-12,65
-46,74361;-13,62639
-44,615278;-14,2325
-44,615278;-14,2325
-48,24;-1,271667
-42,035556;-22,428333
-44,615278;-14,615833
-39,116667;-14,683333
-47,352778;-2,995833
-44,712222;-22,316389
-47,895417;-21,36231
-48,15139;-13,43167
-44,712222;-22,316389
-44,712222;-22,316389
-44,7122;-22,3164
-44,712222;-22,316389
-44,712222;-22,316389
-44,712222;-22,316388
-47,086761;-22,863721
-47,704087;-21,234637
-47,704087;-21,234637
-49,516667;-19,916667
-47,086761;-22,863721
-48,19417;-13,50944
-52,453611;-26,634722
-49,370278;-21,040556
-52,453611;-26,634722
-49,38;-20,03
-49,38;-20,03
-42,85;-20,8
-42,85;-20,8
-49,516667;-19,916667
-49,516667;-19,916667
-49,516667;-19,916667
-49,516667;-19,916667
-49,516667;-19,916667
-44,983333;-21,316667
-44,983333;-21,316667
-44,983333;-21,316667
-46,9353998;-22,7526738
-46,8642978;-22,9154765
-47,0059994;-22,7864737
-46,8684979;-22,9273765
-48,015003;-22,068169
-48,1412049;-22,0782708
-48,1831062;-22,1010687
-48,0514034;-22,1084701
-48,5164064;-22,0896679
-48,0333063;-22,1096691
-47,8023981;-21,1710688
-47,9306004;-21,327168
-47,9603016;-21,3234679
-47,7480997;-21,1237688
-47,780502;-21,1641678
-47,8389017;-21,281169
-47,8223996;-21,2926681
-47,9413005;-21,345168
-47,9001011;-21,299168
-47,8298986;-21,2858681
-47,8045005;-21,2975682
-47,475833;-15,191389
-39,536111;-15,160278
-36,389167;-8,201389
-36,389167;-8,201389
-36,389167;-8,201389
-46,85;-13,683333
-52,885555;-17,437778
-46,1447;-22,7553
-46,85;-13,683333
-46,112778;-22,741667
-46,85;-13,683333
-46,851111;-13,691111
-57,581389;-19,1875
-57,581389;-19,1875
-46,916667;-22,816667
-47;-22,783333
-40,678056;-19,814167
-49,516667;-19,916667
-49,38;-20,03
-57,566667;-19,1875
-57,581389;-19,1875
-46,74111;-13,61833
-46,741944;-13,629722
-46,741111;-13,618333
-46,741111;-13,618333
-46,741111;-13,618333
-46,741944;-13,629722
-46,741111;-13,618333
-46,741111;-13,618333
-46,9762;-23,7359
-50,174444;-29,480833
-48,12528;-13,44417
-46,686667;-12,875278
-46,686667;-12,875278
-46,686667;-12,875278
-46,686667;-12,875278
-46,686667;-12,875278
-49,1628106;-22,1248663
-50,8425186;-21,5437625
-49,118411;-21,9977661
-50,9792259;-22,3718644
-49,0048086;-22,1109677
-51,0440218;-22,2227628
-50,0556133;-21,0770611
-49,9292134;-21,3686632
-49,8202149;-21,4578628
-49,8202149;-21,4578628
-51,2350258;-22,484163
-49,9292134;-21,3686632
-51,2350258;-22,484163
-51,3152263;-22,4782628
-50,9453202;-20,8411592
-49,9292134;-21,3686632
-51,380325;-21,2360583
-50,9453202;-20,8411592
-50,9635194;-20,8575592
-49,8202149;-21,4578628
-49,8202149;-21,4578628
-46,934798;-22,831274
-45,0236871;-23,234881
-46,940001;-22,826876
-47,805702;-21,0927675
-69,955;-9,391667
-69,955;-9,391667
-52,783889;-26,276944
-45,35;-23,77
-69,96;-9,39
-69,955;-9,3917
-69,955;-9,391667
-52,277694;-21,643833
-51,746917;-21,069611
-51,616667;-20,808611
-52,118889;-21,575
-52,119167;-21,575278
-51,624444;-20,808611
-49,066388;-14,449722
-49,066389;-14,449722
-46,1447;-22,7553
-51,180833;-29,161667
-50,05;-21,05
-49,0463103;-22,60697
-50,0587187;-22,5759673
-49,6812177;-22,7144687
-48,9608109;-22,3237674
-49,0463103;-22,60697
-49,7082188;-22,6796665
-49,7022176;-22,6455674
-49,0000111;-22,2985673
-50,0294173;-22,4867661
-50,0168172;-22,5016662
-49,7022176;-22,6455674
-49,0463103;-22,60697
-48,992512;-22,6218702
-49,0323095;-22,3550693
-49,0104091;-22,2886682
-37,431389;-7,186111
-44;-17,5
-37,43;-7,19
-44;-17,5
-37,43;-7,19
-37,43139;-7,18611
-37,431389;-7,186111
-50,174444;-29,480833
-46,25;-23,25
-56,429;-21,436
-54,979;-19,388
-53,38;-18,203
-56,434;-21,436
-50,98;-23,254167
-48,166667;-15,583333
-48,166667;-15,583333
-52,036944;-21,255833
-52,101;-21,350833
-51,620833;-20,789722
-51,856667;-21,347222
-48,166667;-15,583333
-48,16667;-15,58333
-48,166667;-15,583333
-51,621111;-20,79
-51,856667;-21,3475
-51,855833;-21,347222
-52,101111;-21,350833
-48,166667;-15,583333
-48,166667;-15,583333
-51,761944;-31,230278
-51,7619;-31,2303
-51,76667;-31,23333
-47,47;-20,25
-51,483333;-23,25
-55,733611;-15,483889
-55,733611;-15,483889
-55,733611;-15,483889
-44,185;-18,288056
-44,185;-18,288056
-46,932778;-22,836944
-59,407222;-10,208056
-51,233333;-23,383333
-46,932778;-22,836944
-51,4244;-23,4194
-46,932778;-22,836944
-60,0625;-14,471667
-49,076944;-24,335278
-46,6577974;-23,586877
-47,85;-15,866667
-47,85;-15,866667
-50,863056;-22,626944
-50,863056;-22,626944
-56,85;-15,166667
-47,88;-24,71
-47,876944;-24,675833
-49,354444;-20,776944
-36,834442;-8,65
-48,521666;-17,909444
-48,521667;-17,909444
-48,48333;-15,86667
-48,05;-15,866667
-48,05;-15,866667
-48,833333;-15,666667
-48,833333;-15,666667
-48,833333;-15,666667
-48,833333;-15,666667
-48,833333;-15,666667
-48,833333;-15,666667
-69,550833;-8,991944
-69,550833;-8,991944
-49,486111;-28,935278
-48,28333;-13,93333
-46,333333;-14,25
-48,283333;-13,933333
-69,55;-8,99
-47,5;-13,5
-46,333333;-14,25
-69,5508;-8,9919
-49,486111;-28,935278
-46,333333;-14,25
-48,283333;-13,933333
-69,550833;-8,991944
-46,333333;-14,25
-46,333333;-14,25
-40,181667;-6,666111
-40,181806;-6,666278
-40,181944;-6,666389
-40,181845;-6,666401
-40,181667;-6,666111
-40,105556;-6,395833
-37,75;-6,2
-47,92;-24,38
-46,68;-22,68
-46,6808;-22,6819
-46,39;-23,18
-39,166667;-14,8
-46,44;-22,79
-39,166667;-14,8
-39,17;-14,8
-39,166667;-14,8
-39,17;-14,8
-39,166667;-14,166667
-48,233333;-13,583333
-48,23333;-13,58333
-48,233333;-13,583333
-52,5264234;-25,4946676
-52,5264234;-25,4946676
-52,525556;-25,490833
-48,233333;-13,583333
-48,786944;-6,169167
-48,233333;-13,583333
-38,321111;-7,983333
-49,516667;-19,916667
-48,28;-6,13
-45,07;-23,43
-51,34;-20,43
-51,1;-20,63
-46,670533;-4,546028
-51,100278;-20,630556
-51,340278;-20,430556
-56,852778;-20,490278
-56,8975;-20,525
-50,9667;-21,75
-48,15;-13,65
-48,45;-14,216667
-48,161944;-13,657222
-48,45;-14,21667
-48,45;-14,216667
-48,15;-13,65
-48,166667;-15,516667
-48,166667;-15,516667
-48,166667;-15,516667
-48,15;-13,65
-48,45;-14,216667
-48,161944;-13,657222
-48,15;-13,65
-48,45;-14,216667
-51,938611;-23,425278
-46,75;-16,25
-46,75;-16,25
-46,75;-16,25
-46,75;-16,25
-46,75;-16,25
-46,75;-16,25
-49,321111;-28,518333
-36;-8,31
-36;-8,31
-47,566667;-21,6
-49,321111;-28,518333
-36;-8,31
-51,237222;-30,019139
-46,716667;-23,55
-48,095833;-10,304722
-46,716667;-23,55
-48,98;-22,46
-42,483333;-20,716667
-52,16;-22,53
-49,38;-20,03
-47,64;-22,72
-47,64;-22,72
-49,38;-20,03
-47,0608;-22,9056
-49,516667;-19,916667
-49,38;-20,03
-67,62;-10,07
-67,62;-10,07
-67,616667;-10,066667
-49,516667;-19,916667
-49,38;-20,03
-49,38;-20,03
-46,63;-23,54
-52,16;-22,53
-52,16;-22,53
-46,774444;-23,9
-43,5;-21,55
-46,774444;-23,9
-43,5;-21,55
-42,5;-22,55
-49,516667;-19,916667
-46,774444;-23,9
-46,774444;-23,9
-43,5;-21,55
-49,38;-20,03
-47,903333;-15,941667
-44,378889;-19,251667
-46,95;-22,43
-49,516667;-19,966667
-49,770556;-19,988056
-52,8731;-10,8339
-49,516667;-19,966667
-49,770556;-19,988056
-47,64;-22,72
-49,97;-20,42
-47,17;-21,28
-50,07418;-20,46994
-47,91667;-15,95
-36,42556;-9,24
-36,41666;-9,25
-36,42;-9,25
-36,42;-9,25
-51,9375;-18,516667
-46,7748001;-23,9004786
-42,25;-22,5
-42,25;-22,5
-42,25;-22,5
-39,04;-14,78
-42,25;-22,5
-39,04;-14,78
-42,25;-22,5
-72,683333;-9,183333
-46,7725;-23,663056
-72,68;-9,18
-72,68;-9,18
-72,68;-9,18
-46,7725;-23,663056
-39,166667;-14,8
-49,516667;-19,916667
-49,38;-20,03
-37,75;-6,2
-47,47;-20,25
-56,096667;-15,596111
-47,1125;-23,523889
-47,0608;-22,9056
-49,34;-24,11
-46,7725;-23,663056
-49,516667;-19,916667
-46,7725;-23,663056
-68,5061282;-10,6552314
-68,504444;-10,651667
-68,504444;-10,651667
-39,166667;-14,8
-46,63;-23,54
-49,03333;-14,05
-49,033333;-14,05
-46,7725;-23,663056
-49,033333;-14,05
-46,7725;-23,663056
-49,033333;-14,05
-49,05;-14,55
-52,8731;-10,8339
-68,8;-10,85
-68,8;-10,85
-68,8;-10,85
-68,8;-10,85
-68,8;-10,85
-68,623756;-10,701232
-68,623889;-10,701111
-68,623889;-10,701111
-47,92;-24,38
-44,63333;-13,36667
-44,63;-13,37
-47,0608;-22,9056
-44,63;-13,37
-48,016667;-15,883333
-49,06;-22,31
-52,16;-22,53
-52,16;-22,53
-51,237222;-30,019139
-48,68333;-14,98333
-48,683333;-14,983333
-42,05;-22
-48,683333;-14,983333
-42,05;-22
-42,05;-22
-42,05;-22
-42,05;-22
-42,05;-22
-42,05;-22
-42,05;-22
-42,05;-22
-67,9535921;-9,834319
-67,951944;-9,830833
-48;-15,5
-42,05;-22
-48;-15,5
-42,416667;-20,716667
-49,38;-20,03
-49,007222;-28,467222
-42,61666;-22,35
-67,95;-9,83
-49,007222;-28,467222
-67,95;-9,83
-39,075278;-15,293333
-46,63;-23,54
-46,6361;-23,5475
-50,41;-22,66
-49,06;-22,31
-50,41;-22,66
-48,77;-22,35
-49,06;-22,31
-39,075278;-15,293333
-39,075278;-15,293333
-47,06;-22,9
-50,41;-22,66
-47,64;-22,72
-68,5059282;-10,6554314
-48,433333;-10,1
-68,504167;-10,651944
-39,075278;-15,293333
-39,075278;-15,293333
-50,41;-22,66
-50,41;-22,66
-50,41;-22,66
-50,41;-22,66
-47,8975;-15,998056
-68,5059282;-10,6554314
-68,504167;-10,651944
-47,8975;-15,998056
-44,808333;-21,838611
-47,8875;-15,9575
-47,8975;-15,998055
-47,64;-22,72
-59,966667;-2,883333
-45,59;-22,73
-37,425;-10,685278
-37,253056;-10,410833
-38,970556;-12,1975
-52,425833;-29,717778
-45,59;-22,73
-64,233333;-12,416667
-52,8731;-10,8339
-64,23333;-12,41666
-64,233333;-12,416667
-64,233333;-12,416667
-61,23;-12,42
-64,233333;-12,416667
-61,233333;-12,416667
-64,233333;-12,416667
-64,233333;-12,416667
-39,075278;-15,293333
-45,59;-22,73
-48,277222;-18,918611
-46,2;-21,45
-52,666667;-0,766667
-46,55;-23,11
-46,63;-23,54
-39,133333;-16,383333
-61,433333;3,383333
-46,6351991;-23,5332789
-59,97;-2,883333
-45,25;-3,5
-45,25;-3,5
-52,16;-22,53
-42,05;-22
-52,585459;-7,204003
-52,585556;-7,203889
-39,166667;-14,8
-48,277222;-18,918611
-53,183333;-22,3
-53,183333;-22,3
-46,63;-23,54
-49,007222;-28,464444
-49,007222;-28,464444
-47,929722;-15,779722
-56,583333;-18,883333
-51,118389;-30,046583
-56,583333;-18,883333
-45,59;-22,73
-47,3;-21,27
-43,666667;-19,816667
-43,300833;-22,9525
-47,929722;-15,779722
-52,16;-22,53
-52,16;-22,53
-47,929722;-15,779722
-47,943333;-15,844861
-45,59;-22,73
-42,632799;-8,822624
-63,316667;0,816667
-57,6496;-19,0199
-57,649722;-19,02
-52,16;-22,53
-48,45;-1,42
-48,45;-1,42
-49,224167;-25,291667
-47,4170984;-21,8173707
-46,6290992;-23,574779
-44,466667;-5,233333
-44,466667;-5,233333
-44,47;-5,23
-65,32546;-10,596416
-44,47;-5,23
-44,466667;-5,233333
-65,325556;-10,596389
-42,881667;-20,754167
-47,916944;-19,038611
-59,3365041;-15,2297666
-38,183333;-10,708333
-38,183333;-10,708333
-59,335278;-15,226111
-51,45;1,133333
-39,1;-12,666667
-51,9386;-23,4253
-42,881944;-20,753889
-42,881944;-20,753889
-42,881944;-20,753889
-45,59;-22,73
-52,566667;-23,45
-52,566667;-23,45
-50,866667;-20,733333
-49,156667;-25,3225
-51,9386;-23,4253
-50,4612796;-25,3721765
-50,4612796;-25,3721765
-39,6614;-13,2671
-50,460556;-25,368333
-50,460556;-25,368333
-47,929722;-15,779722
-42,644444;-19,5825
-53,516667;-26,724444
-47,9298727;-15,7834209
-47,929444;-15,779722
-47,929722;-15,779722
-47,9298727;-15,7834209
-47,929444;-15,779722
-47,929722;-15,779722
-42,566667;-14,4
-38,716667;-10,65
-54,616667;-20,45
-54,613333;-20,509167
-45,483333;-18,716667
-54;0
-45,483333;-18,716667
-55,533333;-1,583333
-55,165833;-0,221111
-45,483333;-18,483333
-51,1003991;-20,6338019
-51,099722;-20,63
-53,616667;-22,5
-53,544444;-21,25
-48;-12
-48,644722;-8,494444
-50,17;-8,05
-50,17;-8,05
-50,17;-8,05
-48,6008;-8,5006
-48,62;-3,42
-50,17;-8,05
-50,17;-8,05
-48,616667;-3,416667
-50,17;-8,05
-50,170833;-8,072222
-48,616667;-3,416667
-52,8731;-10,8339
-49,2605767;-20,9038132
-49,26;-20,9
-49,26;-20,9
-43,943333;-16,635833
-43,933333;-16,633333
-47,906389;-15,938056
-47,929722;-15,779722
-47,929722;-15,779722
-47,929722;-15,779722
-43,933334;-16,633333
-36,367497;-10,070528
-52,8731;-10,8339
-44,67;-4,32
-44,67;-4,32
-49,261944;-25,361944
-46,564722;-21,838889
-44,67;-4,32
-44,666667;-4,316667
-44,666667;-4,316667
-48,77;-22,35
-48,77;-22,35
-48,77;-22,35
-48,77;-22,35
-48,77;-22,35
-48,77;-22,35
-48,77;-22,35
-48,77;-22,35
-48,77;-22,35
-48,77;-22,35
-48,77;-22,35
-48,77;-22,35
-48,77;-22,35
-48,77;-22,35
-48,77;-22,35
-48,77;-22,35
-48,77;-22,35
-47,9298727;-15,7834209
-47,929444;-15,779722
-47,929722;-15,779722
-47,9298727;-15,7834209
-47,929444;-15,779722
-41,05;-4,666667
-44,4044451;-19,2781958
-44,404167;-19,274444
-44,404167;-19,274444
-52,8731;-10,8339
-52,8731;-10,8339
-48,56;-21,77
-41,638611;-15,156389
-48,626667;-17,743611
-45,133333;-11,233333
-39,63;-14,7
-39,63;-14,7
-39,63;-14,7
-39,63;-14,7
-39,63;-14,7
-39,63;-14,7
-52,8731;-10,8339
-58,92;-13,83
-58,92;-13,83
-42,881944;-20,753889
-42,881944;-20,753889
-42,881944;-20,753889
-58,380441;-11,024918
-58,380556;-11,025
-42,776667;-19,842778
-69,945893;-4,244292
-47,93495;-15,952
-70,30503;-4,287311
-70,305;-4,287222
-47,935;-15,951944
-47,929722;-15,779722
-47,929722;-15,779722
-51,118389;-30,046583
-51,118389;-30,046583
-44,4;-19,283333
-44,4;-19,283333
-42,776836;-19,846908
-44,4;-19,28
-44,4;-19,283333
-42,776667;-19,843056
-51,214437;-30,034991
-66,101475;-2,50117
-66,101475;-2,50117
-66,101389;-2,501111
-66,101389;-2,501111
-50,983068;-29,861515
-51,212193;-30,035457
-51,097476;-30,088839
-52,8731;-10,8339
-54;-30
-52,8947849;-30,0433192
-52,8947849;-30,0433192
-52,893889;-30,039444
-52,893889;-30,039444
-52,8731;-10,8339
-52,333333;-15,666667
-52,333333;-15,666667
-48,5608;-21,7783
-42,881944;-20,753889
-48,56;-21,77
-48,56;-21,77
-48,56;-21,77
-48,56;-21,77
-48,56;-21,77
-46,63;-23,54
-52,5686297;-25,9835738
-52,567778;-25,979722
-48,56;-21,77
-48,56;-21,77
-48,56;-21,77
-51,212193;-30,035457
-46,63;-23,54
-48,29;-20,87
-48,56;-21,77
-48,56;-21,77
-48,56;-21,77
-39,284363;-14,690468
-39,284444;-14,690556
-44,1875;-19,4375
-52,8731;-10,8339
-46,63;-23,54
-47,929722;-15,779722
-52,609561;-1,028985
-52,609561;-1,028985
-52,609444;-1,028889
-52,609444;-1,028889
-47,9298727;-15,7834209
-47,929444;-15,779722
-52,8731;-10,8339
-47,78471;-15,6555
-47,78471;-15,6555
-47,78471;-15,6555
-47,784722;-15,655556
-47,892;-15,575
-39,227366;-14,771874
-39,2275;-14,771944
-52,8731;-10,8339
-47,75;-15,75
-49,9070464;-26,3405921
-47,9167;-15,55738
-49,906389;-26,336667
-47,916667;-15,5575
-47,929722;-15,779722
-46,430278;-15,6171
-46,430278;-15,6171
-46,430278;-15,617222
-53,58333;-26,61667
-53,766667;-27,166667
-50;-27
-53,766667;-27,166667
-53,58;-26,62
-53,5;-27,13
-53,77;-27,17
-53,58;-26,62
-53,5;-27,133333
-53,583333;-26,616667
-53,583333;-26,616667
-53,5;-27,133333
-53,766667;-27,166667
-53,58;-26,62
-53,76667;-27,16667
-53,56667;-26,66667
-53,57;-26,67
-46,5500995;-23,1141572
-51,75;-27,05
-53,57;-26,67
-53,566667;-26,666667
-53,566667;-26,666667
-46,549722;-23,110278
-51,75;-27,05
-53,566667;-26,666667
-53,57;-26,67
-53,57;-26,67
-53,57;-26,67
-53,57;-26,67
-53,566667;-26,666667
-47,929722;-15,779722
-47,929722;-15,779722
-52,8731;-10,8339
-52,8731;-10,8339
-47,9298727;-15,7834209
-47,9298727;-15,7834209
-47,9298727;-15,7834209
-47,929444;-15,779722
-47,929444;-15,779722
-47,929444;-15,779722
-47,9375;-15,8125
-51,078611;-26,238611
-51,225278;-27,402222
-51,015278;-26,775833
-51,225278;-27,402222
-51,225278;-27,402222
-51,015278;-26,775833
-51,012222;-26,776111
-50,144722;-26,370833
-50,144722;-26,370833
-51,015278;-26,775833
-51,015278;-26,775833
-51,225278;-27,402222
-51,078611;-26,238611
-51,225278;-27,402222
-51,225278;-27,402222
-47,929722;-15,779722
-47,929722;-15,779722
-48,455522;-1,284992
-48,455556;-1,285
-44;-18
-46,79;-23,53
-52,52;2,57
-52,52;-2,57
-52,31;2,34
-52,51667;2,56667
-52,51667;2,56667
-52,516667;-2,566667
-52,516667;2,566667
-52,8731;-10,8339
-52,3425;-31,771944
-47,533333;-22,383333
-46,6361;-23,5475
-49,3562134;-27,3958082
-49,355556;-27,391944
-49,518423;-27,0608032
-49,517778;-27,056944
-38,542958;-3,7206119
-38,543056;-3,717222
-38,543056;-3,717222
-38,543056;-3,717222
-48,22;-21
-38,543056;-3,717222
-38,543056;-3,717222
-40,820278;-19,552222
-38,542958;-3,7206119
-38,543056;-3,717222
-46,63;-23,54
-46,63;-23,54
-46,63;-23,54
-46,63;-23,54
-40,820278;-19,552222
-49,518423;-27,0608032
-35,204847;-7,735578
-35,204722;-7,735556
-49,517778;-27,056944
-39,1;-12,666667
-48,476548;-1,453489
-48,476667;-1,453611
-48,476548;-1,453489
-48,476667;-1,453611
-52,8731;-10,8339
-44,2469348;-19,4695995
-44,246667;-19,465833
-46,63;-23,54
-46,63;-23,54
-46,63;-23,54
-35,691389;-6,963333
-47,42;-21,99
-47,42;-21,99
-46,63;-23,54
-67,9397;-3,1022
-52,8731;-10,8339
-52,8731;-10,8339
-48,910147;-27,126635
-48,910278;-27,126667
-46,63;-23,54
-44,096503;-19,690239
-47,0608;-22,9056
-54,9372;-2,6364
-35,691389;-6,963333
-48,5044;-1,4558
-48,833333;-1,75
-48,833333;-1,75
-44,096503;-19,690239
-46,621883;-23,654505
-46,621944;-23,654444
-52,8731;-10,8339
-52,8731;-10,8339
-44,3030252;-2,5330734
-44,302778;-2,529722
-47,077171;-22,870251
-47,060434;-22,9038526
-47,06;-22,9
-48,901072;-21,220292
-47,077171;-22,870251
-63;-5
-52,8731;-10,8339
-52,8731;-10,8339
-52,8731;-10,8339
-43,9380146;-19,9246082
-43,937778;-19,920833
-52,8731;-10,8339
-52,8731;-10,8339
-52,8731;-10,8339
-52,8731;-10,8339
-62,683889;-6,987778
-62,683889;-6,987778
-62,683954;-6,987642
-62,683954;-6,987642
-60,0262055;-3,1052812
-60,025;-3,101944
-52,8731;-10,8339
-69;-9,333333
-70;-9
-69;-9,33
-69;-9,33
-69;-9,33
-69;-9,33
-69;-9,33333
-69;-9,33333
-69;-9,33333
-69;-9,333333
-69;-9,333333
-69;-9,33
-69;-9,33
-52,8731;-10,8339
-69;-9,33
-69;-9,333333
-53,986773;-3,727227
-53,986667;-3,727222
-46,63;-23,54
-52,8731;-10,8339
-46,63;-23,54
-52,8731;-10,8339
-46,618358;-23,646109
-46,618333;-23,646111
-52,8731;-10,8339
-62,17;-9,12
-46,63;-23,54
-52,8731;-10,8339
-52,8731;-10,8339
-43,2076686;-22,9069599
-43,2075;-22,903056
-55,636111;-1,881111
-52,4957;-3,601317
-52,4957;-3,601317
-52,8731;-10,8339
-43,2076686;-22,9069599
-43,2075;-22,903056
-52,8731;-10,8339
-52,4957;-3,601317
-52,8731;-10,8339
-52,4957;-3,601317
-52,4957;-3,601317
-51,0775;-26,277778
-50,37;-25,32
-50,233611;-25,271667
-50,37;-25,32
-52,8731;-10,8339
-50,097552;-24,9219719
-50,0825;-24,927222
-50,096944;-24,918056
-51;-24
-49,0636827;-25,4457836
-49,013611;-25,471944
-49,063056;-25,441944
-53,585278;-29,644722
-42,9657513;-22,4160522
-42,965556;-22,412222
-50,4224;-27,3006
-52,8731;-10,8339
-46,3875;-21,923056
-44,67;-4,316667
-68,8;-10,85
-48,83;-1,75
-57,33;-0,416667
-52,97;-1,966667
-72,7;-9,116667
-64,23;-12,416667
-48,62;-3,416667
-50,17;-8
-59,97;-2,883333
-63,32;0,816667
-59,97;-2,883333
-55,82;-9,452889
-55,53;-1
-56,07;-9,835556
-64,39;-9,270833
-61,38;-5,873667
-59,97;-2,883333
-65,47;-9,610833
-40,072222;-19,391111
-39,133333;-16,333333
-46,6361;-23,5475
-47,950278;-16,2525
-47,929722;-15,779722
-52,8731;-10,8339
-52,8731;-10,8339
-52,8731;-10,8339
-52,8731;-10,8339
-52,8731;-10,8339
-52,8731;-10,8339
-45,496028;-19,2575
-45,496028;-19,2575
-45,497972;-19,257611
-45,497972;-19,257611
-45,496028;-19,2575
-45,496028;-19,2575
-42,881667;-20,754167
-42,881667;-20,754167
-42,25;-22,55
-67,867951;-9,963028
-51,143791;-29,75136
-40,533333;-19,866667
-45;-21
-44,978;-21,23
-37,409722;-10,036111
-53,516667;-26,724444
-51,012222;-26,776111
-51,143889;-29,751389
-48,600833;-8,500556
-69,945833;-4,244167
-67,868056;-9,963056
-47,92;-24,18
-47,5834992;-21,71737
-47,6161968;-20,7426678
-47,3953964;-20,3785652
-47,9657117;-24,0704759
-46,6140012;-23,6362772
-46,6791;-23,7297773
-46,4336972;-23,3671769
-46,4336972;-23,3671769
-46,7289998;-23,5660767
-47,9253098;-24,1814763
-47,9657117;-24,0684769
-49,6952169;-22,4174668
-49,6952169;-22,4174668
-47,0585046;-23,7352774
-47,0764026;-23,6932782
-47,0634026;-23,7255773
-47,0921039;-23,7615784
-55,4633258;-13,1488258
-48,1443047;-21,3023684
-47,3290004;-21,6946716
-52,2571307;-22,36376
-47,3290004;-21,6946716
-46,4311969;-22,9285776
-52,4179318;-22,4160597
-51,49603;-22,6618627
-49,4118078;-20,1490608
-49,0215067;-21,0268644
-46,7456953;-21,9801729
-47,9373083;-23,344674
-47,3278974;-21,6946716
-48,2001071;-23,0401724
-48,2001071;-23,0496725
-48,2029071;-23,0501724
-47,6273037;-22,8571744
-48,097303;-21,156566
-46,7456953;-21,9801729
-52,7562329;-22,4221578
-52,4160327;-22,3979586
-51,496827;-22,6618627
-49,1235068;-20,4465624
-48,2085022;-21,3185673
-46,5364964;-23,1832771
-46,7553962;-21,9079716
-51,4912269;-22,6612638
-48,716814;-23,8415743
-46,5336963;-23,1837771
-51,4935269;-22,6615628
-49,0301087;-21,0368644
-45,310989;-23,2235813
-45,0795889;-23,3815813
-49,0226134;-22,3446683
-45,0811869;-23,3743813
-45,0845899;-23,3665813
-44,832585;-23,3346818
-45,0839869;-23,3673803
-49,7004159;-22,4081668
-49,7006539;-22,4082398
-48,4631767;-23,3450846
-49,7004159;-22,4081668
-49,7;-22,41
-48,490278;-1,455833
-69;-9,333333
-52,85;-0,45
-48,45;-1,416667
-43,716667;-22,35
-48,401389;-24,645556
-46,63;-23,54
-48,56;-21,77
-46,63;-23,54
-48,56;-21,77
-48,56;-21,77
-47,99;-21,95
-46,63;-23,54
-48,166667;-15,516667
-59,966667;-2,883334
-44,283333;-23,166667
-44,283333;-23,166667
-45,649722;-20,387222
-43,692778;-22,766667
-43,692778;-22,766667
-43,692778;-22,766389
-43,692778;-22,766111
