"lat","long","x","y"
-3.9923,-54.908,-54.908,-3.9923
0.90361,-60.43406,-60.43406,0.90361
-9.17198990988674,-63.0075094496542,-63.0075094496542,-9.17198990988674
-8.631717532,-70.145276,-70.145276,-8.631717532
-8.650403507,-70.15039396,-70.15039396,-8.650403507
-8.646363505,-70.14531998,-70.14531998,-8.646363505
-8.653700485,-70.137275,-70.137275,-8.653700485
-8.632501533,-70.14158401,-70.14158401,-8.632501533
-8.649269519,-70.15778494,-70.15778494,-8.649269519
-2.97351,-53.871,-53.871,-2.97351
-9.8519,-62.7478,-62.7478,-9.8519
-8.48444667333509,-69.035678855051,-69.035678855051,-8.48444667333509
-8.50166000348855,-69.0311099960022,-69.0311099960022,-8.50166000348855
-8.49078399570606,-69.0897999966278,-69.0897999966278,-8.49078399570606
-8.48659599846423,-69.0284140010811,-69.0284140010811,-8.48659599846423
-8.48064100142757,-69.0238260003551,-69.0238260003551,-8.48064100142757
-8.47590899998488,-69.0225409987293,-69.0225409987293,-8.47590899998488
-9.36474399906685,-63.0831990036809,-63.0831990036809,-9.36474399906685
-9.36707899825648,-63.0819770026707,-63.0819770026707,-9.36707899825648
-9.36665000074347,-63.0818899995576,-63.0818899995576,-9.36665000074347
-9.38509999983732,-63.0829449979383,-63.0829449979383,-9.38509999983732
1.099,-51.9096111111111,-51.9096111111111,1.099
1.09986111111111,-51.9085277777778,-51.9085277777778,1.09986111111111
1.09875,-51.9105,-51.9105,1.09875
1.09927777777778,-51.9082777777778,-51.9082777777778,1.09927777777778
1.09616666666667,-51.93705,-51.93705,1.09616666666667
1.07694444444444,-51.9651111111111,-51.9651111111111,1.07694444444444
1.07741666666667,-51.9651111111111,-51.9651111111111,1.07741666666667
1.07805555555556,-51.9651111111111,-51.9651111111111,1.07805555555556
-9.09222222222222,-65.7636111111111,-65.7636111111111,-9.09222222222222
-11.8175,-61.2588888888889,-61.2588888888889,-11.8175
-11.5294444444444,-61.0127777777778,-61.0127777777778,-11.5294444444444
-11.5522222222222,-60.9847222222222,-60.9847222222222,-11.5522222222222
-11.5858333333333,-61.7763888888889,-61.7763888888889,-11.5858333333333
-11.4169444444444,-61.7597222222222,-61.7597222222222,-11.4169444444444
-11.3713888888889,-61.3327777777778,-61.3327777777778,-11.3713888888889
-10.8566666666667,-61.9502777777778,-61.9502777777778,-10.8566666666667
-10.0734444444444,-63.2121666666667,-63.2121666666667,-10.0734444444444
-10.0986111111111,-63.8463888888889,-63.8463888888889,-10.0986111111111
-10.9977777777778,-62.0258333333333,-62.0258333333333,-10.9977777777778
-11.0136111111,-62.3683333333,-62.3683333333,-11.0136111111
-5.804694444,-50.559833333,-50.559833333,-5.804694444
-6.725155,-43.013278,-43.013278,-6.725155
-2.592225,-60.912677,-60.912677,-2.592225
-9,-59.153425,-59.153425,-9
-8.2925,-70.073611,-70.073611,-8.2925
-8.276667,-70.041944,-70.041944,-8.276667
-8.269167,-70.059444,-70.059444,-8.269167
-8.269722,-70.063889,-70.063889,-8.269722
-6.356667,-50.631944,-50.631944,-6.356667
-2.501899,-54.95575,-54.95575,-2.501899
-2.496345,-54.95503,-54.95503,-2.496345
-1.905085,-61.43022,-61.43022,-1.905085
-8.991389,-59.426667,-59.426667,-8.991389
-16.382188,-56.607267,-56.607267,-16.382188
-14.490205,-55.705678,-55.705678,-14.490205
-13.339394,-47.731854,-47.731854,-13.339394
-9.864911,-63.03549,-63.03549,-9.864911
-14.685283,-52.325792,-52.325792,-14.685283
-15.57905,-56.114049,-56.114049,-15.57905
-15.365257,-55.77924,-55.77924,-15.365257
-16.371667,-54.746389,-54.746389,-16.371667
-14.484733,-55.710095,-55.710095,-14.484733
-1.841294,-55.129728,-55.129728,-1.841294
-11.7831,-49.00621,-49.00621,-11.7831
-16.619605,-56.735436,-56.735436,-16.619605
-16.499456,-56.681817,-56.681817,-16.499456
-1.609722,-56.271111,-56.271111,-1.609722
-1.698889,-56.6125,-56.6125,-1.698889
-1.714722,-56.636944,-56.636944,-1.714722
-1.603056,-56.265278,-56.265278,-1.603056
-1.719722,-56.624167,-56.624167,-1.719722
-1.703611,-56.605,-56.605,-1.703611
-16.37997,-56.62405,-56.62405,-16.37997
-3.64768,-59.87266,-59.87266,-3.64768
-17.437531,-56.824645,-56.824645,-17.437531
-16.516437,-56.749037,-56.749037,-16.516437
-16.507911,-56.748806,-56.748806,-16.507911
-3.566668,-46.028527,-46.028527,-3.566668
-16.4829,-56.693348,-56.693348,-16.4829
-7.209269,-48.218336,-48.218336,-7.209269
1.085278,-51.975278,-51.975278,1.085278
1.064167,-51.951944,-51.951944,1.064167
1.070556,-51.937222,-51.937222,1.070556
1.041111,-51.938055,-51.938055,1.041111
1.089722,-51.941389,-51.941389,1.089722
1.229167,-51.920556,-51.920556,1.229167
-2.706842,-44.854338,-44.854338,-2.706842
-9.104167,-60.691111,-60.691111,-9.104167
-9.974025,-67.809819,-67.809819,-9.974025
-8.938611,-59.4625,-59.4625,-8.938611
-15.229225,-59.311418,-59.311418,-15.229225
-15.589515,-56.054495,-56.054495,-15.589515
-2.498111,-44.268056,-44.268056,-2.498111
-9.2125,-63.02,-63.02,-9.2125
-3.059602,-60.043495,-60.043495,-3.059602
-2.022522,-61.544114,-61.544114,-2.022522
-16.749361,-56.865023,-56.865023,-16.749361
-15.607833,-56.062944,-56.062944,-15.607833
-16.512341,-56.711526,-56.711526,-16.512341
-16.501948,-56.744172,-56.744172,-16.501948
-0.007627,-51.083245,-51.083245,-0.007627
-8.764976,-67.427303,-67.427303,-8.764976
-16.457823,-56.6762,-56.6762,-16.457823
-11.815833,-60.944444,-60.944444,-11.815833
-11.755833,-61.048056,-61.048056,-11.755833
-9.978458,-67.841678,-67.841678,-9.978458
-1.228515,-48.294914,-48.294914,-1.228515
-3.275556,-45.646667,-45.646667,-3.275556
1.2325,-52.382222,-52.382222,1.2325
1.195278,-52.376944,-52.376944,1.195278
-2.499728,-54.951717,-54.951717,-2.499728
-0.511944,-52.855833,-52.855833,-0.511944
-2.571434,-60.888603,-60.888603,-2.571434
-2.569443,-60.890378,-60.890378,-2.569443
-2.447977,-61.03576,-61.03576,-2.447977
-15.556111,-55.81,-55.81,-15.556111
-16.462621,-56.400184,-56.400184,-16.462621
-15.358973,-55.786531,-55.786531,-15.358973
-7.986944,-49.428889,-49.428889,-7.986944
-16.428027,-56.670532,-56.670532,-16.428027
-16.376752,-56.621751,-56.621751,-16.376752
-16.485563,-56.690919,-56.690919,-16.485563
-16.493692,-56.684118,-56.684118,-16.493692
-6.061619,-50.060669,-50.060669,-6.061619
-16.378916,-56.617897,-56.617897,-16.378916
-15.774728,-57.260714,-57.260714,-15.774728
-15.405121,-55.82949,-55.82949,-15.405121
-8.665833,-61.817778,-61.817778,-8.665833
-9.597495,-55.932102,-55.932102,-9.597495
-17.2825,-56.709167,-56.709167,-17.2825
-2.015952,-54.178182,-54.178182,-2.015952
-11.845298,-55.516441,-55.516441,-11.845298
-4.484341,-46.846656,-46.846656,-4.484341
-2.5724,-60.786935,-60.786935,-2.5724
-3.156976,-60.110976,-60.110976,-3.156976
-3.907928,-52.591908,-52.591908,-3.907928
-5.804444,-52.611667,-52.611667,-5.804444
-9.117778,-62.93,-62.93,-9.117778
-10.603536,-68.461908,-68.461908,-10.603536
-9.598517,-55.933011,-55.933011,-9.598517
-16.529911,-56.691653,-56.691653,-16.529911
-4.748392,-45.165248,-45.165248,-4.748392
-16.835967,-56.842103,-56.842103,-16.835967
-8.754444,-63.861944,-63.861944,-8.754444
-13.538943,-56.627758,-56.627758,-13.538943
-16.833949,-56.842872,-56.842872,-16.833949
-3.462194,-44.775389,-44.775389,-3.462194
-17.318797,-56.736423,-56.736423,-17.318797
-17.212914,-55.161613,-55.161613,-17.212914
-9.120556,-62.136944,-62.136944,-9.120556
-9.770556,-62.133889,-62.133889,-9.770556
-9.769167,-62.131111,-62.131111,-9.769167
-9.771667,-62.015278,-62.015278,-9.771667
-9.773056,-62.028333,-62.028333,-9.773056
-9.748056,-62.085833,-62.085833,-9.748056
-9.162778,-62.925,-62.925,-9.162778
-9.202222,-63.011111,-63.011111,-9.202222
-9.148889,-63.105278,-63.105278,-9.148889
-9.144444,-63.108056,-63.108056,-9.144444
-9.136389,-63.101389,-63.101389,-9.136389
-8.84,-62.222778,-62.222778,-8.84
-9.0775,-62.171389,-62.171389,-9.0775
-9.081389,-62.1725,-62.1725,-9.081389
-9.096667,-62.173611,-62.173611,-9.096667
-8.632222,-62.949722,-62.949722,-8.632222
-8.635556,-62.928056,-62.928056,-8.635556
-8.635555,-62.928056,-62.928056,-8.635555
-8.635833,-62.942222,-62.942222,-8.635833
-9.748055,-62.085833,-62.085833,-9.748055
-9.952231,-62.994889,-62.994889,-9.952231
-8.728611,-46.713333,-46.713333,-8.728611
-15.67237,-55.701489,-55.701489,-15.67237
-2.418473,-54.716412,-54.716412,-2.418473
-15.095154,-56.133498,-56.133498,-15.095154
-10.790278,-63.662222,-63.662222,-10.790278
-7.773697,-72.397383,-72.397383,-7.773697
-17.0815,-57.941889,-57.941889,-17.0815
-15.655556,-56.438889,-56.438889,-15.655556
-6.755522,-43.007342,-43.007342,-6.755522
-16.148333,-53.824167,-53.824167,-16.148333
-15.658056,-56.422222,-56.422222,-15.658056
-9.122222,-57.846944,-57.846944,-9.122222
1.063889,-61.421111,-61.421111,1.063889
-10.187222,-48.178611,-48.178611,-10.187222
-5.319667,-48.009167,-48.009167,-5.319667
-9.205833,-63.023333,-63.023333,-9.205833
-9.208889,-63.002222,-63.002222,-9.208889
-9.153333,-62.910278,-62.910278,-9.153333
-9.203889,-63.022222,-63.022222,-9.203889
-9.203889,-63.007778,-63.007778,-9.203889
-9.146111,-62.908056,-62.908056,-9.146111
-9.202778,-63.014167,-63.014167,-9.202778
-9.145833,-62.908333,-62.908333,-9.145833
-9.206111,-63.021667,-63.021667,-9.206111
-9.147222,-62.91,-62.91,-9.147222
-11.531667,-56.710833,-56.710833,-11.531667
-16.403333,-54.715278,-54.715278,-16.403333
-16.327697,-54.584118,-54.584118,-16.327697
-9.9521,-67.875393,-67.875393,-9.9521
-4.746562,-45.156208,-45.156208,-4.746562
-15.592159,-56.054817,-56.054817,-15.592159
-9.159722,-62.912222,-62.912222,-9.159722
-9.160833,-62.928333,-62.928333,-9.160833
-9.159167,-62.909722,-62.909722,-9.159167
-9.111944,-62.895,-62.895,-9.111944
-9.156111,-62.91,-62.91,-9.156111
-9.118056,-62.9,-62.9,-9.118056
-9.154722,-62.912778,-62.912778,-9.154722
-7.335956,-60.485647,-60.485647,-7.335956
-10.834167,-61.980833,-61.980833,-10.834167
-2.947973,-44.294711,-44.294711,-2.947973
-3.389167,-54.950556,-54.950556,-3.389167
-2.509225,-54.96198,-54.96198,-2.509225
-10.185556,-48.330833,-48.330833,-10.185556
-3.198611,-52.210278,-52.210278,-3.198611
-3.067402,-59.850897,-59.850897,-3.067402
-10.00225,-57.841747,-57.841747,-10.00225
-10.010562,-57.84161,-57.84161,-10.010562
-10.001658,-57.842938,-57.842938,-10.001658
-10.00141,-57.839446,-57.839446,-10.00141
-9.957595,-67.862496,-67.862496,-9.957595
-10.003333,-57.842222,-57.842222,-10.003333
-16.502286,-56.746863,-56.746863,-16.502286
-3.748023,-57.486673,-57.486673,-3.748023
-3.393259,-57.707219,-57.707219,-3.393259
-10.066111,-59.511111,-59.511111,-10.066111
-10.055556,-59.509722,-59.509722,-10.055556
-5.961111,-55.047778,-55.047778,-5.961111
-6.087222,-55.093611,-55.093611,-6.087222
-5.958333,-55.043611,-55.043611,-5.958333
-6.083611,-55.079444,-55.079444,-6.083611
-6.013889,-55.068333,-55.068333,-6.013889
-6.056389,-55.076389,-55.076389,-6.056389
-5.954444,-55.042778,-55.042778,-5.954444
-6.087778,-55.093889,-55.093889,-6.087778
3.408333,-61.598055,-61.598055,3.408333
-1.657682,-61.662953,-61.662953,-1.657682
-1.664929,-61.716893,-61.716893,-1.664929
-1.665892,-61.717984,-61.717984,-1.665892
-9.169722,-69.264444,-69.264444,-9.169722
-9.293672,-69.445678,-69.445678,-9.293672
-2.776252,-55.032615,-55.032615,-2.776252
-2.967222,-42.384444,-42.384444,-2.967222
-7.74,-46.98,-46.98,-7.74
-4.59,-43.875,-43.875,-4.59
-4.545,-43.83,-43.83,-4.545
-8.82,-46.62,-46.62,-8.82
-4.68,-43.74,-43.74,-4.68
-4.32,-44.28,-44.28,-4.32
-4.86,-43.92,-43.92,-4.86
-7.28,-46.976389,-46.976389,-7.28
-1.749167,-55.883056,-55.883056,-1.749167
-4.455,-43.56,-43.56,-4.455
-4.815,-43.02,-43.02,-4.815
-4.32,-44.1,-44.1,-4.32
-3.96,-43.92,-43.92,-3.96
-4.5,-44.28,-44.28,-4.5
-7.98,-46.976389,-46.976389,-7.98
-3.78,-43.56,-43.56,-3.78
-4.14,-43.56,-43.56,-4.14
-3.96,-43.2,-43.2,-3.96
-4.14,-43.74,-43.74,-4.14
-6.48,-45.18,-45.18,-6.48
-3.96,-44.1,-44.1,-3.96
-3.96,-43.56,-43.56,-3.96
-3.78,-43.38,-43.38,-3.78
-3.78,-42.84,-42.84,-3.78
-3.6,-43.92,-43.92,-3.6
-3.960278,-44.100833,-44.100833,-3.960278
-9.952899,-67.869246,-67.869246,-9.952899
-9.956831,-67.866552,-67.866552,-9.956831
-4.32,-43.02,-43.02,-4.32
-4.32,-43.2,-43.2,-4.32
-5.400833,-44.820278,-44.820278,-5.400833
-9.359444,-45.900278,-45.900278,-9.359444
-9.359444,-46.26,-46.26,-9.359444
-5.580278,-45.000278,-45.000278,-5.580278
-9,-56,-56,-9
-5.376667,-46.5,-46.5,-5.376667
-9.974167,-57.849167,-57.849167,-9.974167
-12.382073,-54.936976,-54.936976,-12.382073
-3.42,-43.2,-43.2,-3.42
-3.24,-42.84,-42.84,-3.24
-3.42,-43.38,-43.38,-3.42
-5.04,-45,-45,-5.04
-7.92,-46.799444,-46.799444,-7.92
-7.380833,-44.999722,-44.999722,-7.380833
-7.920556,-46.08,-46.08,-7.920556
-6.250556,-42.856389,-42.856389,-6.250556
-6.119167,-43.020278,-43.020278,-6.119167
-3.24,-43.38,-43.38,-3.24
-2.88,-42.84,-42.84,-2.88
-4.700833,-44.400278,-44.400278,-4.700833
-3.6,-42.66,-42.66,-3.6
-3.42,-42.3,-42.3,-3.42
-4.14,-44.64,-44.64,-4.14
-3.42,-42.48,-42.48,-3.42
-3.24,-43.92,-43.92,-3.24
-3.42,-42.66,-42.66,-3.42
-5.04,-45.54,-45.54,-5.04
-16.58,-57.679861,-57.679861,-16.58
-16.062417,-57.679861,-57.679861,-16.062417
-5.362778,-49.120556,-49.120556,-5.362778
-1.455556,-48.441389,-48.441389,-1.455556
-1.459722,-48.489722,-48.489722,-1.459722
-1.459444,-48.489722,-48.489722,-1.459444
-11.696389,-61.995556,-61.995556,-11.696389
-4.14,-43.92,-43.92,-4.14
-7.303722,-47.041528,-47.041528,-7.303722
-2.337778,-55.055833,-55.055833,-2.337778
-12.6,-47.88,-47.88,-12.6
-14.694056,-56.33975,-56.33975,-14.694056
-14.694167,-56.339722,-56.339722,-14.694167
-5.579722,-46.439722,-46.439722,-5.579722
-16.375033,-56.619848,-56.619848,-16.375033
-5.76,-46.44,-46.44,-5.76
-5.579722,-46.079722,-46.079722,-5.579722
-5.219722,-44.999722,-44.999722,-5.219722
-5.58,-45.9,-45.9,-5.58
-4.859722,-44.099722,-44.099722,-4.859722
-5.399722,-44.819722,-44.819722,-5.399722
-6.66,-43.938056,-43.938056,-6.66
-5.4,-43.200278,-43.200278,-5.4
-5.219722,-44.819722,-44.819722,-5.219722
-5.219722,-45.36,-45.36,-5.219722
-9.590555,-61.650556,-61.650556,-9.590555
-9.689744,-56.017213,-56.017213,-9.689744
-4.86,-44.28,-44.28,-4.86
-4.5,-43.2,-43.2,-4.5
-5.377778,-43.74,-43.74,-5.377778
-4.5,-43.02,-43.02,-4.5
-5.039722,-43.019722,-43.019722,-5.039722
-4.68,-43.188889,-43.188889,-4.68
-4.905,-43.47,-43.47,-4.905
-4.95,-42.93,-42.93,-4.95
-2.539083,-44.282889,-44.282889,-2.539083
-9.590556,-61.650556,-61.650556,-9.590556
-1.811389,-59.264722,-59.264722,-1.811389
-16.508128,-56.414653,-56.414653,-16.508128
-4.5,-43.74,-43.74,-4.5
-4.68,-45.0025,-45.0025,-4.68
-1.058139,-46.785028,-46.785028,-1.058139
-9.168889,-68.951111,-68.951111,-9.168889
-9.291356,-69.586419,-69.586419,-9.291356
-1.163083,-46.798306,-46.798306,-1.163083
-1.128333,-47.608611,-47.608611,-1.128333
-9.956093,-67.87245,-67.87245,-9.956093
-5.662222,-50.3575,-50.3575,-5.662222
3.680706,-61.807403,-61.807403,3.680706
-2.500001,-54.953254,-54.953254,-2.500001
-9.899722,-63,-63,-9.899722
2.504444,-54.944444,-54.944444,2.504444
-11.34,-62.28,-62.28,-11.34
-10.264444,-63,-63,-10.264444
-10.8,-62.28,-62.28,-10.8
-11.52,-62.46,-62.46,-11.52
-2.987325,-55.093745,-55.093745,-2.987325
-8.990833,-64.08,-64.08,-8.990833
-2.460833,-61.061639,-61.061639,-2.460833
-1.487111,-61.588111,-61.588111,-1.487111
-1.656111,-61.514667,-61.514667,-1.656111
-1.838333,-61.4945,-61.4945,-1.838333
-1.936111,-61.292992,-61.292992,-1.936111
-1.960028,-61.312278,-61.312278,-1.960028
-11.118611,-55.435278,-55.435278,-11.118611
-9.103889,-63.2075,-63.2075,-9.103889
-10.8,-48.416667,-48.416667,-10.8
-11.433225,-61.608864,-61.608864,-11.433225
-10.416667,-48.416667,-48.416667,-10.416667
-9.586389,-55.917028,-55.917028,-9.586389
-14.697222,-56.344444,-56.344444,-14.697222
-14.697169,-56.344331,-56.344331,-14.697169
-3.049722,-54.93,-54.93,-3.049722
-2.2811,-55.051428,-55.051428,-2.2811
-10.342778,-56.3555,-56.3555,-10.342778
-1.396528,-61.799444,-61.799444,-1.396528
-0.602778,-61.80425,-61.80425,-0.602778
-2.503889,-54.944722,-54.944722,-2.503889
-15.721944,-51.819167,-51.819167,-15.721944
-15.131667,-51.669444,-51.669444,-15.131667
-14.860556,-51.246944,-51.246944,-14.860556
-15.382778,-51.736667,-51.736667,-15.382778
-3.2725,-51.796111,-51.796111,-3.2725
-9.900972,-56.076944,-56.076944,-9.900972
-11.013611,-55.728333,-55.728333,-11.013611
-9.977145,-57.829166,-57.829166,-9.977145
-9.8498,-57.814176,-57.814176,-9.8498
-13.983056,-51.81,-51.81,-13.983056
-13.849722,-51.858611,-51.858611,-13.849722
-10.034444,-56.173056,-56.173056,-10.034444
-10.034556,-56.172944,-56.172944,-10.034556
-10.955833,-55.547778,-55.547778,-10.955833
-1.066944,-48.33,-48.33,-1.066944
-10.416333,-56.590611,-56.590611,-10.416333
-11.8525,-55.518056,-55.518056,-11.8525
-10.271944,-55.280111,-55.280111,-10.271944
-10.295222,-55.287972,-55.287972,-10.295222
-7.098889,-47.326666,-47.326666,-7.098889
-16.196778,-55.749278,-55.749278,-16.196778
-3.080278,-49.015555,-49.015555,-3.080278
-3.08,-49.015278,-49.015278,-3.08
-3.080222,-49.015444,-49.015444,-3.080222
-7.098889,-47.326667,-47.326667,-7.098889
-3.080278,-49.015556,-49.015556,-3.080278
-3.420278,-55.071944,-55.071944,-3.420278
-2.5747,-44.209467,-44.209467,-2.5747
-4.138492,-63.383231,-63.383231,-4.138492
-3.164056,-44.864494,-44.864494,-3.164056
-11.88,-62.1,-62.1,-11.88
-12.06,-64.26,-64.26,-12.06
-12.42,-61.92,-61.92,-12.42
3.1358,-60.8433,-60.8433,3.1358
3.2208,-60.8262,-60.8262,3.2208
3.1093,-60.8872,-60.8872,3.1093
3.1228,-60.8538,-60.8538,3.1228
3.0363,-60.8635,-60.8635,3.0363
3.01,-60.8848,-60.8848,3.01
3.0887,-60.9235,-60.9235,3.0887
-3.098511,-61.132717,-61.132717,-3.098511
-1.353889,-62.058889,-62.058889,-1.353889
-1.354444,-62.059167,-62.059167,-1.354444
-9.851944,-58.220278,-58.220278,-9.851944
-9.871194,-58.220422,-58.220422,-9.871194
-11.862222,-55.478889,-55.478889,-11.862222
-7.949564,-61.595342,-61.595342,-7.949564
-16.643925,-56.33943,-56.33943,-16.643925
-14.488471,-55.686197,-55.686197,-14.488471
-2.816556,-44.932722,-44.932722,-2.816556
-15.630556,-57.196889,-57.196889,-15.630556
-16.562861,-57.556167,-57.556167,-16.562861
-10.824444,-55.697778,-55.697778,-10.824444
-3.284167,-51.772222,-51.772222,-3.284167
-1.057278,-46.785222,-46.785222,-1.057278
-16.100278,-57.688889,-57.688889,-16.100278
-16.077161,-57.652578,-57.652578,-16.077161
-9.899722,-62.28,-62.28,-9.899722
-7.679553,-62.595189,-62.595189,-7.679553
-10.26,-62.64,-62.64,-10.26
-2.443333,-54.708056,-54.708056,-2.443333
-9.72,-61.92,-61.92,-9.72
-14.405833,-59.425,-59.425,-14.405833
-14.728333,-59.930278,-59.930278,-14.728333
-15.414167,-55.839944,-55.839944,-15.414167
3.0973,-60.8257,-60.8257,3.0973
-9.159167,-45.981111,-45.981111,-9.159167
-16.465103,-54.578378,-54.578378,-16.465103
-3.351111,-51.960556,-51.960556,-3.351111
-9.741542,-56.009674,-56.009674,-9.741542
-1.884722,-48.765278,-48.765278,-1.884722
-3.1775,-51.775,-51.775,-3.1775
-16.555056,-57.558278,-57.558278,-16.555056
-5.417778,-44.164722,-44.164722,-5.417778
-8.495,-63.5628,-63.5628,-8.495
3.1065,-60.8233,-60.8233,3.1065
0.686389,-61.566111,-61.566111,0.686389
1.059167,-61.746667,-61.746667,1.059167
-0.258056,-61.844722,-61.844722,-0.258056
-13.746389,-60.3625,-60.3625,-13.746389
-9.271944,-64.393611,-64.393611,-9.271944
-11.405306,-58.756833,-58.756833,-11.405306
-9,-69,-69,-9
-9,-68,-68,-9
-16.406812,-56.669916,-56.669916,-16.406812
-16.517758,-56.697429,-56.697429,-16.517758
-1.057472,-46.795333,-46.795333,-1.057472
-2.599722,-44.276111,-44.276111,-2.599722
-9.380556,-71.900278,-71.900278,-9.380556
-10.295022,-67.133622,-67.133622,-10.295022
-4.728333,-44.326944,-44.326944,-4.728333
-1.455556,-48.49,-48.49,-1.455556
-1.455833,-48.490278,-48.490278,-1.455833
-1.398889,-48.47,-48.47,-1.398889
-2.596389,-44.272778,-44.272778,-2.596389
-9.366111,-64.848611,-64.848611,-9.366111
-0.69,-61.47,-61.47,-0.69
-6.326111,-47.934444,-47.934444,-6.326111
-1.205556,-47.178056,-47.178056,-1.205556
-16.179444,-54.707778,-54.707778,-16.179444
-11.855278,-55.505833,-55.505833,-11.855278
-11.859444,-55.497778,-55.497778,-11.859444
-9.539722,-64.831389,-64.831389,-9.539722
-5.6625,-47.625278,-47.625278,-5.6625
-9.539722,-64.831388,-64.831388,-9.539722
-9.638692,-50.613722,-50.613722,-9.638692
-0.928333,-46.670833,-46.670833,-0.928333
-12.905278,-46.547222,-46.547222,-12.905278
-16.757908,-56.87668,-56.87668,-16.757908
-14.36843,-55.624559,-55.624559,-14.36843
-16.378801,-56.621429,-56.621429,-16.378801
-10.4,-48.359444,-48.359444,-10.4
-2.9245,-59.974556,-59.974556,-2.9245
-17.610833,-53.261389,-53.261389,-17.610833
-7.601944,-47.3275,-47.3275,-7.601944
-2.924444,-59.974444,-59.974444,-2.924444
-7.142222,-47.754444,-47.754444,-7.142222
-7.296944,-47.713055,-47.713055,-7.296944
-7.353055,-47.485,-47.485,-7.353055
-7.353056,-47.485,-47.485,-7.353056
-7.296944,-47.713056,-47.713056,-7.296944
-13.148611,-48.22,-48.22,-13.148611
-4.205556,-62.1,-62.1,-4.205556
-9.665833,-55.214444,-55.214444,-9.665833
-9.67,-55.21,-55.21,-9.67
-1.848417,-61.59,-61.59,-1.848417
-4.891389,-65.302778,-65.302778,-4.891389
-2.640833,-44.726944,-44.726944,-2.640833
-9.078889,-55.438333,-55.438333,-9.078889
-9.679167,-55.438889,-55.438889,-9.679167
1.40508,-68.1704,-68.1704,1.40508
-15.835056,-56.038694,-56.038694,-15.835056
-8.438055,-47.834444,-47.834444,-8.438055
1.40508,-68.17044,-68.17044,1.40508
1.405,-68.170556,-68.170556,1.405
-8.438056,-47.834444,-47.834444,-8.438056
1.405083,-68.170433,-68.170433,1.405083
-0.928389,-46.670944,-46.670944,-0.928389
-7.302222,-47.834444,-47.834444,-7.302222
-6.626667,-47.586111,-47.586111,-6.626667
-7.566389,-47.366666,-47.366666,-7.566389
-7.551667,-47.378888,-47.378888,-7.551667
-7.551667,-47.378889,-47.378889,-7.551667
-7.566389,-47.366667,-47.366667,-7.566389
-7.182494,-47.152619,-47.152619,-7.182494
-9.583333,-55.914722,-55.914722,-9.583333
-5.417778,-65.576389,-65.576389,-5.417778
-5.400833,-65.559167,-65.559167,-5.400833
-2.535833,-60.846944,-60.846944,-2.535833
-2.843056,-60.474167,-60.474167,-2.843056
-9.585833,-55.916667,-55.916667,-9.585833
-9.583611,-55.916667,-55.916667,-9.583611
-9.59,-55.92,-55.92,-9.59
-13.167222,-48.229444,-48.229444,-13.167222
-12.834166,-48.213888,-48.213888,-12.834166
-8.433611,-47.665556,-47.665556,-8.433611
-12.834167,-48.213889,-48.213889,-12.834167
-9.918889,-56.015556,-56.015556,-9.918889
-14.106111,-52.320278,-52.320278,-14.106111
-9.900833,-55.965556,-55.965556,-9.900833
-12.735555,-48.219722,-48.219722,-12.735555
-12.735556,-48.219722,-48.219722,-12.735556
-10.6387,-47.3482,-47.3482,-10.6387
-10.406667,-48.173056,-48.173056,-10.406667
-12.7975,-48.245833,-48.245833,-12.7975
-12.806111,-48.235277,-48.235277,-12.806111
-12.809166,-48.236388,-48.236388,-12.809166
-12.806111,-48.235278,-48.235278,-12.806111
-12.809167,-48.236389,-48.236389,-12.809167
-9.58,-55.914444,-55.914444,-9.58
-9.580278,-55.915,-55.915,-9.580278
-9.58,-55.91,-55.91,-9.58
-0.922028,-46.667444,-46.667444,-0.922028
-2.75,-42.799722,-42.799722,-2.75
-16.145556,-58.010694,-58.010694,-16.145556
-3.208056,-43.403333,-43.403333,-3.208056
-11.6025,-46.51722,-46.51722,-11.6025
-14.258667,-60.310194,-60.310194,-14.258667
-12.494444,-48.213611,-48.213611,-12.494444
-10.8339,-52.8731,-52.8731,-10.8339
-10.55,-46.133333,-46.133333,-10.55
-10.583056,-46.495,-46.495,-10.583056
-10.3725,-46.524444,-46.524444,-10.3725
-10.55,-46.65,-46.65,-10.55
-3.7313,-48.29063,-48.29063,-3.7313
-13.1,-53.383333,-53.383333,-13.1
-1.586111,-48.016111,-48.016111,-1.586111
-13.1,-56.38,-56.38,-13.1
-9.899941,-56.087464,-56.087464,-9.899941
-3.206944,-43.395278,-43.395278,-3.206944
-2.516944,-44.266389,-44.266389,-2.516944
-13.05,-51.11,-51.11,-13.05
0.15,-51.033333,-51.033333,0.15
-7.364444,-48.013333,-48.013333,-7.364444
-7.196389,-48.449444,-48.449444,-7.196389
-7.051389,-48.111667,-48.111667,-7.051389
-7.084444,-45.141111,-45.141111,-7.084444
-7.343055,-47.523889,-47.523889,-7.343055
-7.437778,-46.338889,-46.338889,-7.437778
-7.355833,-45.065833,-45.065833,-7.355833
-6.639167,-44.15,-44.15,-6.639167
-12.666667,-46.5,-46.5,-12.666667
-14.72,-52.36,-52.36,-14.72
-10.150833,-48.230833,-48.230833,-10.150833
-9.874167,-48.374167,-48.374167,-9.874167
-12.65,-47.1,-47.1,-12.65
-1.455,-49.004722,-49.004722,-1.455
-10.276389,-59.608333,-59.608333,-10.276389
-7.033333,-45.15,-45.15,-7.033333
-10.273611,-59.608333,-59.608333,-10.273611
-11.244444,-57.566667,-57.566667,-11.244444
-11.535278,-57.414444,-57.414444,-11.535278
-16.4708,-54.6356,-54.6356,-16.4708
-11.733333,-57.566667,-57.566667,-11.733333
-10.3,-59.1,-59.1,-10.3
-10.016667,-48.3,-48.3,-10.016667
-9.75,-48.35,-48.35,-9.75
-10.433333,-48.3,-48.3,-10.433333
-12.25,-49.25,-49.25,-12.25
-11.716667,-49.116667,-49.116667,-11.716667
-8.62222,-46.73917,-46.73917,-8.62222
-4.546028,-46.670533,-46.670533,-4.546028
-15.376667,-58.977778,-58.977778,-15.376667
-16.021311,-55.74754,-55.74754,-16.021311
-12.5,-47.833333,-47.833333,-12.5
-12.5,-47.83,-47.83,-12.5
-12.67,-46.5,-46.5,-12.67
-6.216667,-48.45,-48.45,-6.216667
-0.949454,-61.9153,-61.9153,-0.949454
-2.883334,-59.966667,-59.966667,-2.883334
-2.883333,-59.966667,-59.966667,-2.883333
-2.88,-59.97,-59.97,-2.88
-2.88333,-59.96667,-59.96667,-2.88333
-2.883333,-59.966666,-59.966666,-2.883333
-16.285833,-54.902778,-54.902778,-16.285833
-10.304722,-48.095833,-48.095833,-10.304722
-15.166667,-56.85,-56.85,-15.166667
-10.283333,-48.216667,-48.216667,-10.283333
-10.295833,-49.233333,-49.233333,-10.295833
-16.516667,-56.7,-56.7,-16.516667
-16.31,-56.42,-56.42,-16.31
-8.259167,-70.983333,-70.983333,-8.259167
-1.733333,-51.55,-51.55,-1.733333
-8.2555,-70.98,-70.98,-8.2555
-8.255556,-70.98,-70.98,-8.255556
-2.417486,-59.762295,-59.762295,-2.417486
-7.183333,-47.433333,-47.433333,-7.183333
-12.2,-49.166667,-49.166667,-12.2
-2.516667,-55,-55,-2.516667
-3.033333,-60.283333,-60.283333,-3.033333
-16.333333,-56.583333,-56.583333,-16.333333
-16.4,-56.616667,-56.616667,-16.4
-9.97,-67.8,-67.8,-9.97
-0.4,-61.8,-61.8,-0.4
-2.407222,-59.727778,-59.727778,-2.407222
-2.425278,-59.830556,-59.830556,-2.425278
-16.45,-52.666667,-52.666667,-16.45
3.366667,-61.433333,-61.433333,3.366667
3.36666,-61.43333,-61.43333,3.36666
-6.392611,-44.476864,-44.476864,-6.392611
-1.066667,-52.9,-52.9,-1.066667
3.366667,-61.416667,-61.416667,3.366667
3.5,-61.7,-61.7,3.5
-2,-59,-59,-2
-2.416667,-59.85,-59.85,-2.416667
3.416667,-61.483333,-61.483333,3.416667
-0.133333,-67.066667,-67.066667,-0.133333
-0.133333,-67.07,-67.07,-0.133333
-5,-62.833333,-62.833333,-5
-2.883333,-59.97,-59.97,-2.883333
-3.4953042,-45.2510858,-45.2510858,-3.4953042
-3.491944,-45.250833,-45.250833,-3.491944
3.366667,-61.333333,-61.333333,3.366667
-7.204003,-52.585459,-52.585459,-7.204003
3.37,-61.33,-61.33,3.37
-7.203889,-52.585556,-52.585556,-7.203889
-2.383333,-59.85,-59.85,-2.383333
-2.483333,-54.95,-54.95,-2.483333
-2.366667,-59.95,-59.95,-2.366667
-2.31666,-60.08333,-60.08333,-2.31666
-2.316667,-60.083333,-60.083333,-2.316667
0.25,-63.166667,-63.166667,0.25
0.245733,-63.236779,-63.236779,0.245733
0.008333,-63.173611,-63.173611,0.008333
-0.245833,-63.236667,-63.236667,-0.245833
-7.666667,-73.15,-73.15,-7.666667
-11.67,-55.75,-55.75,-11.67
-5,-63,-63,-5
0.816667,-63.316667,-63.316667,0.816667
1.533333,-62.8,-62.8,1.533333
1.53,-62.8,-62.8,1.53
-10.183333,-63.05,-63.05,-10.183333
-9.95,-48.65,-48.65,-9.95
-7.483333,-73.65,-73.65,-7.483333
-7.766667,-72.333333,-72.333333,-7.766667
-7,-72,-72,-7
-7.133333,-73.216667,-73.216667,-7.133333
-7.783333,-51.116667,-51.116667,-7.783333
1.133333,-51.45,-51.45,1.133333
-6.5,-47.5,-47.5,-6.5
0.17,-51.62,-51.62,0.17
-0.17,-51.62,-51.62,-0.17
-8,-63,-63,-8
-3.291865,-59.872744,-59.872744,-3.291865
-3.291944,-59.872778,-59.872778,-3.291944
-6.05,-50.266667,-50.266667,-6.05
-6.5,-50.27,-50.27,-6.5
-6.05,-50.27,-50.27,-6.05
-14.75,-52.333333,-52.333333,-14.75
-3.35417,-64.71139,-64.71139,-3.35417
-3.3331,-64.7119,-64.7119,-3.3331
-3.333056,-64.711944,-64.711944,-3.333056
-3.333333,-64.833333,-64.833333,-3.333333
-3.33,-64.83,-64.83,-3.33
-3.345023,-64.823928,-64.823928,-3.345023
-3.345,-64.823889,-64.823889,-3.345
-0.221111,-55.165833,-55.165833,-0.221111
-1.583333,-55.533333,-55.533333,-1.583333
-2.433333,-59.8,-59.8,-2.433333
-3.883333,-49.683333,-49.683333,-3.883333
-3.909262,-49.673567,-49.673567,-3.909262
-3.88,-49.68,-49.68,-3.88
-3.909167,-49.673611,-49.673611,-3.909167
-7.516667,-63.166667,-63.166667,-7.516667
-16.51666,-56.7,-56.7,-16.51666
-5.416667,-44.916667,-44.916667,-5.416667
-4.433333,-44.966667,-44.966667,-4.433333
-5.42,-44.92,-44.92,-5.42
-9.852192,-68.888515,-68.888515,-9.852192
-4.43,-44.97,-44.97,-4.43
-10.12,-67.6,-67.6,-10.12
-9.852222,-68.888611,-68.888611,-9.852222
-10.95,-68.78,-68.78,-10.95
-1.416667,-61.083333,-61.083333,-1.416667
-0.416667,-64.416667,-64.416667,-0.416667
-1.417,-61.208,-61.208,-1.417
-0.42,-64.42,-64.42,-0.42
-1.416944,-61.208056,-61.208056,-1.416944
-0.333333,-66.916667,-66.916667,-0.333333
-0.33333,-66.91666,-66.91666,-0.33333
-0.33,-66.92,-66.92,-0.33
-1.515667,-59.847157,-59.847157,-1.515667
-1.515556,-59.847222,-59.847222,-1.515556
-11.728961,-49.068579,-49.068579,-11.728961
-14.833333,-58.5,-58.5,-14.833333
-14.83,-58.5,-58.5,-14.83
-10.7972048,-49.6238719,-49.6238719,-10.7972048
-10.793611,-49.623333,-49.623333,-10.793611
-1.6666446,-45.3719931,-45.3719931,-1.6666446
-1.663333,-45.371667,-45.371667,-1.663333
-3.354622,-60.73212,-60.73212,-3.354622
-3.354722,-60.732222,-60.732222,-3.354722
-2.583333,-54.5,-54.5,-2.583333
-5.878333,-46.698889,-46.698889,-5.878333
-1.765556,-55.866111,-55.866111,-1.765556
-5.819444,-46.138333,-46.138333,-5.819444
-3.462222,-44.870556,-44.870556,-3.462222
-5.470756,-44.779783,-44.779783,-5.470756
-6.078858,-44.439353,-44.439353,-6.078858
-5.939239,-44.640722,-44.640722,-5.939239
-5.575833,-44.385,-44.385,-5.575833
-4.7086,-61.29,-61.29,-4.7086
-4.1781,-60.8031,-60.8031,-4.1781
-4.708611,-61.29,-61.29,-4.708611
-4.178056,-60.803056,-60.803056,-4.178056
-3.386992,-57.7193659,-57.7193659,-3.386992
-3.383611,-57.718333,-57.718333,-3.383611
-2.955833,-59.922222,-59.922222,-2.955833
-3.067324,-59.995308,-59.995308,-3.067324
-3.067222,-59.995278,-59.995278,-3.067222
-8.89724,-65.710216,-65.710216,-8.89724
-8.897222,-65.710278,-65.710278,-8.897222
-10.283333,-48.55,-48.55,-10.283333
-2.88611,-59.96944,-59.96944,-2.88611
-3.366667,-64.866667,-64.866667,-3.366667
-3.916667,-63.166667,-63.166667,-3.916667
-3.92,-63.17,-63.17,-3.92
-12.925,-51.82961,-51.82961,-12.925
-12.925,-51.829722,-51.829722,-12.925
-0.880288,-52.569489,-52.569489,-0.880288
-0.880278,-52.569444,-52.569444,-0.880278
-12.81667,-51.76667,-51.76667,-12.81667
-12.816667,-51.766667,-51.766667,-12.816667
-12.81666,-51.76666,-51.76666,-12.81666
-11,-63,-63,-11
-12.82,-51.77,-51.77,-12.82
-9.253256,-63.026951,-63.026951,-9.253256
-9.253333,-63.026944,-63.026944,-9.253333
-9.8,-65.63,-65.63,-9.8
1,-61,-61,1
2.689161,-61.35272,-61.35272,2.689161
2.689167,-61.352778,-61.352778,2.689167
3.756087,-61.759655,-61.759655,3.756087
-14.73333,-52.33333,-52.33333,-14.73333
-14.733333,-52.333333,-52.333333,-14.733333
-14.73,-52.33,-52.33,-14.73
-14.63333,-52.23333,-52.23333,-14.63333
-14.63,-52.23,-52.23,-14.63
-14.633333,-52.233333,-52.233333,-14.633333
-15.89,-52.256667,-52.256667,-15.89
-15.8940109,-52.2574556,-52.2574556,-15.8940109
-15.33,-52.23,-52.23,-15.33
-6.948409,-62.224073,-62.224073,-6.948409
-6.948333,-62.224167,-62.224167,-6.948333
-12,-57,-57,-12
-13.2,-52.566667,-52.566667,-13.2
-13.2,-52.57,-52.57,-13.2
-13.5558622,-52.2688484,-52.2688484,-13.5558622
-13.2,-52.56667,-52.56667,-13.2
-13.552222,-52.268056,-52.268056,-13.552222
-3.444747,-47.460914,-47.460914,-3.444747
-3.444722,-47.460833,-47.460833,-3.444722
-7.433333,-45,-45,-7.433333
-7.12,-45.125,-45.125,-7.12
-7.43,-45,-45,-7.43
-8.166667,-46.166667,-46.166667,-8.166667
2.3,-52.633333,-52.633333,2.3
2.3,-52.63,-52.63,2.3
2.3,-52.63333,-52.63333,2.3
3.55,-51.616667,-51.616667,3.55
3.55,-51.62,-51.62,3.55
-3.13333,-60.01666,-60.01666,-3.13333
-1.35,-48.333333,-48.333333,-1.35
-0.9747,-62.9242,-62.9242,-0.9747
-2.550163,-44.24243,-44.24243,-2.550163
-3.075556,-59.955833,-59.955833,-3.075556
-3.075656,-59.955906,-59.955906,-3.075656
-7.5,-70.25,-70.25,-7.5
-9.333333,-69,-69,-9.333333
-9.33,-69,-69,-9.33
-9.33333,-69,-69,-9.33333
-4,-53,-53,-4
-8.8842,-62.2167,-62.2167,-8.8842
-8.884167,-62.216667,-62.216667,-8.884167
0.516667,-67.266667,-67.266667,0.516667
-0.130779,-67.08775,-67.08775,-0.130779
-15.596111,-56.096667,-56.096667,-15.596111
-4.245278,-61.63,-61.63,-4.245278
-3.033333,-60.28,-60.28,-3.033333
-5.45,-45.67,-45.67,-5.45
-7.516667,-63.17,-63.17,-7.516667
3.653,-63.42,-63.42,3.653
-1.583333,-55.53,-55.53,-1.583333
-3.235847,-60.14,-60.14,-3.235847
-9.271944,-64.39,-64.39,-9.271944
-15.460556,-55.749722,-55.749722,-15.460556
-1.48559,-61.37206,-61.37206,-1.48559
-1.5206,-61.35596,-61.35596,-1.5206
-1.52113,-61.35685,-61.35685,-1.52113
-1.52564,-61.35715,-61.35715,-1.52564
-1.54116,-61.27685,-61.27685,-1.54116
-2.567703,-44.262222,-44.262222,-2.567703
-10.77306,-53.08972,-53.08972,-10.77306
-4.14444,-65.08583,-65.08583,-4.14444
-2.98693,-58.49854,-58.49854,-2.98693
-13.40083,-55.92333,-55.92333,-13.40083
-7.116667,-45.116667,-45.116667,-7.116667
-9.18,-68.72,-68.72,-9.18
-15.612755,-56.043867,-56.043867,-15.612755
3.40505,-61.47867,-61.47867,3.40505
3.39599,-61.46338,-61.46338,3.39599
3.39599,-61.46158,-61.46158,3.39599
3.39601,-61.47643,-61.47643,3.39601
3.38693,-61.45575,-61.45575,3.38693
3.38692,-61.45215,-61.45215,3.38692
3.36886,-61.46343,-61.46343,3.36886
3.36887,-61.47512,-61.47512,3.36887
3.36885,-61.46208,-61.46208,3.36885
3.36882,-61.44543,-61.44543,3.36882
3.36885,-61.45532,-61.45532,3.36885
3.35983,-61.47559,-61.47559,3.35983
3.35983,-61.47379,-61.47379,3.35983
3.36889,-61.48367,-61.48367,3.36889
3.3598,-61.45219,-61.45219,3.3598
3.35979,-61.44319,-61.44319,3.35979
-7.5,-72.5,-72.5,-7.5
-0.13,-67.07,-67.07,-0.13
-3,-59.92,-59.92,-3
-3,-60,-60,-3
-4.88,-65.18,-65.18,-4.88
3.756111,-61.759722,-61.759722,3.756111
-2.550278,-44.2425,-44.2425,-2.550278
-15.890278,-52.256667,-52.256667,-15.890278
-15.612778,-56.043889,-56.043889,-15.612778
-0.6675,-48.5075,-48.5075,-0.6675
-11.524631,-54.355206,-54.355206,-11.524631
